fid,CTLabel,BoroCode,BoroName,CT2020,BoroCT2020,CDEligibil,NTAName,NTA2020,CDTA2020,CDTANAME,GEOID,PUMA,Shape_Leng,Shape_Area,fid_2,GEO_ID,NAME,S1701_C01_001E,S1701_C01_001M,S1701_C01_002E,S1701_C01_002M,S1701_C01_003E,S1701_C01_003M,S1701_C01_004E,S1701_C01_004M,S1701_C01_005E,S1701_C01_005M,S1701_C01_006E,S1701_C01_006M,S1701_C01_007E,S1701_C01_007M,S1701_C01_008E,S1701_C01_008M,S1701_C01_009E,S1701_C01_009M,S1701_C01_010E,S1701_C01_010M,S1701_C01_011E,S1701_C01_011M,S1701_C01_012E,S1701_C01_012M,S1701_C01_013E,S1701_C01_013M,S1701_C01_014E,S1701_C01_014M,S1701_C01_015E,S1701_C01_015M,S1701_C01_016E,S1701_C01_016M,S1701_C01_017E,S1701_C01_017M,S1701_C01_018E,S1701_C01_018M,S1701_C01_019E,S1701_C01_019M,S1701_C01_020E,S1701_C01_020M,S1701_C01_021E,S1701_C01_021M,S1701_C01_022E,S1701_C01_022M,S1701_C01_023E,S1701_C01_023M,S1701_C01_024E,S1701_C01_024M,S1701_C01_025E,S1701_C01_025M,S1701_C01_026E,S1701_C01_026M,S1701_C01_027E,S1701_C01_027M,S1701_C01_028E,S1701_C01_028M,S1701_C01_029E,S1701_C01_029M,S1701_C01_030E,S1701_C01_030M,S1701_C01_031E,S1701_C01_031M,S1701_C01_032E,S1701_C01_032M,S1701_C01_033E,S1701_C01_033M,S1701_C01_034E,S1701_C01_034M,S1701_C01_035E,S1701_C01_035M,S1701_C01_036E,S1701_C01_036M,S1701_C01_037E,S1701_C01_037M,S1701_C01_038E,S1701_C01_038M,S1701_C01_039E,S1701_C01_039M,S1701_C01_040E,S1701_C01_040M,S1701_C01_041E,S1701_C01_041M,S1701_C01_042E,S1701_C01_042M,S1701_C01_043E,S1701_C01_043M,S1701_C01_044E,S1701_C01_044M,S1701_C01_045E,S1701_C01_045M,S1701_C01_046E,S1701_C01_046M,S1701_C01_047E,S1701_C01_047M,S1701_C01_048E,S1701_C01_048M,S1701_C01_049E,S1701_C01_049M,S1701_C01_050E,S1701_C01_050M,S1701_C01_051E,S1701_C01_051M,S1701_C01_052E,S1701_C01_052M,S1701_C01_053E,S1701_C01_053M,S1701_C01_054E,S1701_C01_054M,S1701_C01_055E,S1701_C01_055M,S1701_C01_056E,S1701_C01_056M,S1701_C01_057E,S1701_C01_057M,S1701_C01_058E,S1701_C01_058M,S1701_C01_059E,S1701_C01_059M,S1701_C01_060E,S1701_C01_060M,S1701_C01_061E,S1701_C01_061M,S1701_C01_062E,S1701_C01_062M,S1701_C02_001E,S1701_C02_001M,S1701_C02_002E,S1701_C02_002M,S1701_C02_003E,S1701_C02_003M,S1701_C02_004E,S1701_C02_004M,S1701_C02_005E,S1701_C02_005M,S1701_C02_006E,S1701_C02_006M,S1701_C02_007E,S1701_C02_007M,S1701_C02_008E,S1701_C02_008M,S1701_C02_009E,S1701_C02_009M,S1701_C02_010E,S1701_C02_010M,S1701_C02_011E,S1701_C02_011M,S1701_C02_012E,S1701_C02_012M,S1701_C02_013E,S1701_C02_013M,S1701_C02_014E,S1701_C02_014M,S1701_C02_015E,S1701_C02_015M,S1701_C02_016E,S1701_C02_016M,S1701_C02_017E,S1701_C02_017M,S1701_C02_018E,S1701_C02_018M,S1701_C02_019E,S1701_C02_019M,S1701_C02_020E,S1701_C02_020M,S1701_C02_021E,S1701_C02_021M,S1701_C02_022E,S1701_C02_022M,S1701_C02_023E,S1701_C02_023M,S1701_C02_024E,S1701_C02_024M,S1701_C02_025E,S1701_C02_025M,S1701_C02_026E,S1701_C02_026M,S1701_C02_027E,S1701_C02_027M,S1701_C02_028E,S1701_C02_028M,S1701_C02_029E,S1701_C02_029M,S1701_C02_030E,S1701_C02_030M,S1701_C02_031E,S1701_C02_031M,S1701_C02_032E,S1701_C02_032M,S1701_C02_033E,S1701_C02_033M,S1701_C02_034E,S1701_C02_034M,S1701_C02_035E,S1701_C02_035M,S1701_C02_036E,S1701_C02_036M,S1701_C02_037E,S1701_C02_037M,S1701_C02_038E,S1701_C02_038M,S1701_C02_039E,S1701_C02_039M,S1701_C02_040E,S1701_C02_040M,S1701_C02_041E,S1701_C02_041M,S1701_C02_042E,S1701_C02_042M,S1701_C02_043E,S1701_C02_043M,S1701_C02_044E,S1701_C02_044M,S1701_C02_045E,S1701_C02_045M,S1701_C02_046E,S1701_C02_046M,S1701_C02_047E,S1701_C02_047M,S1701_C02_048E,S1701_C02_048M,S1701_C02_049E,S1701_C02_049M,S1701_C02_050E,S1701_C02_050M,S1701_C02_051E,S1701_C02_051M,S1701_C02_052E,S1701_C02_052M,S1701_C02_053E,S1701_C02_053M,S1701_C02_054E,S1701_C02_054M,S1701_C02_055E,S1701_C02_055M,S1701_C02_056E,S1701_C02_056M,S1701_C02_057E,S1701_C02_057M,S1701_C02_058E,S1701_C02_058M,S1701_C02_059E,S1701_C02_059M,S1701_C02_060E,S1701_C02_060M,S1701_C02_061E,S1701_C02_061M,S1701_C02_062E,S1701_C02_062M,S1701_C03_001E,S1701_C03_001M,S1701_C03_002E,S1701_C03_002M,S1701_C03_003E,S1701_C03_003M,S1701_C03_004E,S1701_C03_004M,S1701_C03_005E,S1701_C03_005M,S1701_C03_006E,S1701_C03_006M,S1701_C03_007E,S1701_C03_007M,S1701_C03_008E,S1701_C03_008M,S1701_C03_009E,S1701_C03_009M,S1701_C03_010E,S1701_C03_010M,S1701_C03_011E,S1701_C03_011M,S1701_C03_012E,S1701_C03_012M,S1701_C03_013E,S1701_C03_013M,S1701_C03_014E,S1701_C03_014M,S1701_C03_015E,S1701_C03_015M,S1701_C03_016E,S1701_C03_016M,S1701_C03_017E,S1701_C03_017M,S1701_C03_018E,S1701_C03_018M,S1701_C03_019E,S1701_C03_019M,S1701_C03_020E,S1701_C03_020M,S1701_C03_021E,S1701_C03_021M,S1701_C03_022E,S1701_C03_022M,S1701_C03_023E,S1701_C03_023M,S1701_C03_024E,S1701_C03_024M,S1701_C03_025E,S1701_C03_025M,S1701_C03_026E,S1701_C03_026M,S1701_C03_027E,S1701_C03_027M,S1701_C03_028E,S1701_C03_028M,S1701_C03_029E,S1701_C03_029M,S1701_C03_030E,S1701_C03_030M,S1701_C03_031E,S1701_C03_031M,S1701_C03_032E,S1701_C03_032M,S1701_C03_033E,S1701_C03_033M,S1701_C03_034E,S1701_C03_034M,S1701_C03_035E,S1701_C03_035M,S1701_C03_036E,S1701_C03_036M,S1701_C03_037E,S1701_C03_037M,S1701_C03_038E,S1701_C03_038M,S1701_C03_039E,S1701_C03_039M,S1701_C03_040E,S1701_C03_040M,S1701_C03_041E,S1701_C03_041M,S1701_C03_042E,S1701_C03_042M,S1701_C03_043E,S1701_C03_043M,S1701_C03_044E,S1701_C03_044M,S1701_C03_045E,S1701_C03_045M,S1701_C03_046E,S1701_C03_046M,S1701_C03_047E,S1701_C03_047M,S1701_C03_048E,S1701_C03_048M,S1701_C03_049E,S1701_C03_049M,S1701_C03_050E,S1701_C03_050M,S1701_C03_051E,S1701_C03_051M,S1701_C03_052E,S1701_C03_052M,S1701_C03_053E,S1701_C03_053M,S1701_C03_054E,S1701_C03_054M,S1701_C03_055E,S1701_C03_055M,S1701_C03_056E,S1701_C03_056M,S1701_C03_057E,S1701_C03_057M,S1701_C03_058E,S1701_C03_058M,S1701_C03_059E,S1701_C03_059M,S1701_C03_060E,S1701_C03_060M,S1701_C03_061E,S1701_C03_061M,S1701_C03_062E,S1701_C03_062M,field_375,GEOID_clean,povert_pct,ScenB_mean,slp_mean,BGI_Type,X,Y
1,"590","4",Queens,"059000","4059000",E,Cambria Heights,QN1304,QN13,QN13 Queens Village-Bellerose-Rosedale (CD 13 Approximation),"36081059000","4413",5991.95156017,1702017.13183,431,"36081059000","Census Tract 590; Queens County; New York","1258","315","313","181","36","32","277","178","313","181","707","220","232","103","475","158","316","75","238","44","648","224","610","115","172","275","930","165","0","14","44","86","0","14","85","86","27","19","119","97","172","275","892","186","76","42","259","130","255","72","302","109","665","200","624","195","300","95","324","118","41","26","36","22","5","8","1041","256","467","152","195","84","379","106","32","29","138","69","185","84","373","115","403","121","640","300","762","303","917","310","136","54","78","41","58","34","0","14","0","14","0","14","0","14","27","20","14","20","0","14","68","38","27","35",N,N,"41","34","0","14","95","47","1258","315","111","64","7","10","0","14","7","10","7","10","41","37","16","23","25","19","64","44","63","43","48","33","63","41","0","14","106","61","0","14","0","14","0","14","0","14","5","7","0","14","0","14","88","44","41","36","23","22","14","23","10","11","10","11","10","11","0","14","10","11","0","14","0","14","0","14","104","60","5","7","5","7","94","52",(X),(X),(X),(X),(X),(X),(X),(X),(X),(X),(X),(X),(X),(X),(X),(X),"59","33","19","16","40","31","0","14","0","14","0","14","0","14","19","16","0","14","0","14","13","23","27","35",(X),(X),"0","14","0","14","59","33","111","64","8.8","5.6","2.2","4.0","0.0","56.5","2.5","4.7","2.2","4.0","5.8","5.1","6.9","9.2","5.3","4.3","20.3","14.2","26.5","16.6","7.4","5.6","10.3","6.9","0.0","21.7","11.4","6.7","-",**,"0.0","51.1","-",**,"0.0","36.7","18.5","30.0","0.0","29.2","0.0","21.7","9.9","5.5","53.9","34.6","8.9","10.9","5.5","8.6","3.3","3.3","1.5","1.6","1.6","1.7","0.0","13.2","3.1","3.3","0.0","53.0","0.0","56.5","0.0","100.0","10.0","6.1","1.1","1.5","2.6","3.7","24.8","12.9",(X),(X),(X),(X),(X),(X),(X),(X),(X),(X),(X),(X),(X),(X),(X),(X),"43.4","20.2","24.4","16.8","69.0","34.0","-",**,"-",**,"-",**,"-",**,"70.4","40.0","0.0","90.6","-",**,"19.1","28.8","100.0","65.3",(X),(X),"0.0","53.0","-",**,"62.1","17.2","8.8","5.6",,"36081059000",8.8,0.149913013501381,0.0137817462624887,Retention Street,1057177.33868197,194873.042535027
2,"596","4",Queens,"059600","4059600",I,Cambria Heights,QN1304,QN13,QN13 Queens Village-Bellerose-Rosedale (CD 13 Approximation),"36081059600","4413",6089.76734843,2094112.20656,438,"36081059600","Census Tract 596; Queens County; New York","1674","375","438","200","57","32","381","208","438","200","874","205","297","95","577","153","450","205","362","202","741","215","933","218","47","69","1196","316","0","14","12","16","0","14","67","93","352","226","428","257","1","2","1119","275","89","49","384","223","260","110","386","129","618","141","545","139","267","72","278","96","73","42","58","34","15","17","1322","304","371","107","404","192","547","143","238","220","240","220","371","248","409","242","433","243","615","291","964","400","1334","414","190","197","118","178","72","45","0","14","0","14","0","14","13","19","12","15","43","41","1","2","114","178","7","9",N,N,"15","20","120","177","55","41","1672","375","240","220","131","148","12","18","119","147","131","148","107","80","51","57","56","43","3","4","2","3","80","94","160","130","1","2","150","206","0","14","1","2","0","14","21","29","67","70","88","76","1","2","109","80","21","29","32","33","42","57","14","16","21","31","11","16","11","16","0","14","10","15","0","14","10","15","109","80","0","14","11","16","98","77",(X),(X),(X),(X),(X),(X),(X),(X),(X),(X),(X),(X),(X),(X),(X),(X),"47","41","1","2","46","41","0","14","0","14","0","14","0","14","1","2","43","41","1","2","0","14","2","3",(X),(X),"0","14","0","14","47","41","238","220","14.3","12.4","29.9","26.8","21.1","29.2","31.2","29.7","29.9","26.8","12.2","9.2","17.2","18.5","9.7","7.5","0.7","0.9","0.6","0.9","10.8","12.7","17.1","12.7","2.1","6.3","12.5","16.0","-",**,"8.3","27.6","-",**,"31.3","3.2","19.0","20.0","20.6","17.0","100.0","100.0","9.7","7.5","23.6","29.8","8.3","7.6","16.2","21.1","3.6","4.4","3.4","4.9","2.0","3.0","4.1","6.2","0.0","14.1","13.7","19.6","0.0","44.5","66.7","57.3","8.2","6.1","0.0","10.8","2.7","4.3","17.9","13.4",(X),(X),(X),(X),(X),(X),(X),(X),(X),(X),(X),(X),(X),(X),(X),(X),"24.7","28.8","0.8","3.9","63.9","36.7","-",**,"-",**,"-",**,"0.0","94.1","8.3","32.0","100.0","51.7","100.0","100.0","0.0","30.2","28.6","51.1",(X),(X),"0.0","87.6","0.0","29.0","85.5","24.8","14.2","12.4",,"36081059600",14.3,0.16252812033234,0.0160034299709678,Retention Street,1057162.26190119,193371.72345111
3,"394","4",Queens,"039400","4039400",I,St. Albans,QN1205,QN12,QN12 Jamaica-St. Albans-Hollis (CD 12 Approximation),"36081039400","4412",10859.9242932,3749393.93844,286,"36081039400","Census Tract 394; Queens County; New York","3230","504","648","205","197","103","451","160","648","205","1985","473","746","243","1239","315","833","239","597","192","1419","271","1811","296","45","49","2487","338","37","57","42","51","0","14","235","253","384","404","352","260","45","49","2364","451","268","107","954","353","567","200","575","165","1277","227","1209","206","495","132","714","138","68","61","19","15","49","57","2665","477","1059","198","318","124","1288","444","508","272","806","446","859","475","1015","496","1087","499","1947","544","2273","561","2510","563","447","173","190","144","257","98","0","14","0","14","21","27","67","64","80","46","94","137","49","34","89","68","47","40",N,N,"135","77","63","51","249","151","3230","504","734","437","241","177","97","86","144","113","241","177","395","349","177","126","218","236","180","149","98","90","289","197","445","266","26","40","381","228","0","14","0","14","0","14","55","51","272","366","78","65","26","40","477","369","33","35","312","281","107","119","25","39","109","92","92","88","24","38","68","60","17","25","2","3","15","25","510","370","22","35","99","88","389","366",(X),(X),(X),(X),(X),(X),(X),(X),(X),(X),(X),(X),(X),(X),(X),(X),"176","142","100","138","76","51","0","14","0","14","16","25","25","39","0","14","89","137","15","17","31","37","0","14",(X),(X),"0","14","15","25","161","141","734","437","22.7","11.6","37.2","20.3","49.2","27.6","31.9","20.2","37.2","20.3","19.9","14.6","23.7","14.4","17.6","15.9","21.6","14.6","16.4","13.5","20.4","12.6","24.6","11.9","57.8","56.3","15.3","8.7","0.0","55.8","0.0","52.3","-",**,"23.4","22.1","70.8","40.4","22.2","17.2","57.8","56.3","20.2","13.1","12.3","12.8","32.7","21.9","18.9","17.9","4.3","6.2","8.5","6.9","7.6","7.1","4.8","7.5","9.5","8.2","25.0","22.8","10.5","18.4","30.6","28.3","19.1","11.8","2.1","3.3","31.1","21.3","30.2","21.4",(X),(X),(X),(X),(X),(X),(X),(X),(X),(X),(X),(X),(X),(X),(X),(X),"39.4","22.1","52.6","41.2","29.6","17.8","-",**,"-",**,"76.2","45.3","37.3","54.6","0.0","37.9","94.7","19.6","30.6","32.8","34.8","23.9","0.0","49.5",(X),(X),"0.0","26.5","23.8","34.9","64.7","26.9","22.7","11.6",,"36081039400",22.7,0.212221858021869,0.0177553823098344,Retention Street,1051146.08190366,190622.749357125
4,"630","4",Queens,"063000","4063000",I,Laurelton,QN1305,QN13,QN13 Queens Village-Bellerose-Rosedale (CD 13 Approximation),"36081063000","4413",8526.44466119,2084282.14022,465,"36081063000","Census Tract 630; Queens County; New York","1614","377","202","114","38","48","164","90","202","114","1089","302","368","201","721","151","409","103","323","92","744","205","870","218","6","8","1530","389","0","14","0","14","0","14","32","34","46","34","67","62","6","8","1324","283","88","78","268","98","425","140","543","152","806","186","779","183","279","76","500","169","27","21","20","18","7","11","1412","322","618","148","230","102","564","200","26","20","62","49","69","50","76","52","88","56","435","315","688","379","924","410","287","95","102","69","185","81","0","14","0","14","8","12","21","34","24","26","19","23","107","60","27","26","81","52","7730","3545","149","68","35","30","103","55","1609","378","53","48","0","14","0","14","0","14","0","14","8","10","0","14","8","10","45","48","45","48","38","43","15","14","1","3","52","49","0","14","0","14","0","14","0","14","0","14","26","42","1","3","53","48","1","3","7","10","26","42","19","17","6","10","0","14","0","14","0","14","6","10","6","10","0","14","53","48","0","14","0","14","53","48",(X),(X),(X),(X),(X),(X),(X),(X),(X),(X),(X),(X),(X),(X),(X),(X),"53","48","38","43","15","14","0","14","0","14","0","14","0","14","0","14","1","3","7","10","6","10","39","47",(X),(X),"0","14","0","14","53","48","51","48","3.3","3.0","0.0","18.9","0.0","55.0","0.0","22.6","0.0","18.9","0.7","1.0","0.0","10.9","1.1","1.4","11.0","11.2","13.9","13.8","5.1","5.6","1.7","1.7","16.7","52.2","3.4","3.2","-",**,"-",**,"-",**,"0.0","59.9","0.0","50.0","38.8","50.0","16.7","52.2","4.0","3.7","1.1","4.2","2.6","3.6","6.1","9.6","3.5","3.2","0.7","1.2","0.0","5.3","0.0","14.1","0.0","8.1","22.2","32.7","30.0","42.2","0.0","100.0","3.8","3.5","0.0","6.6","0.0","16.8","9.4","8.8",(X),(X),(X),(X),(X),(X),(X),(X),(X),(X),(X),(X),(X),(X),(X),(X),"18.5","15.3","37.3","28.9","8.1","8.6","-",**,"-",**,"0.0","100.0","0.0","74.0","0.0","69.2","5.3","21.5","6.5","9.9","22.2","36.4","48.1","39.8",(X),(X),"0.0","24.4","0.0","57.3","51.5","30.6","3.2","3.0",,"36081063000",3.3,0.126795068843673,0.0215631408415049,Retention Street,1055383.28839519,187247.094845381
5,"610","4",Queens,"061000","4061000",I,Cambria Heights,QN1304,QN13,QN13 Queens Village-Bellerose-Rosedale (CD 13 Approximation),"36081061000","4413",6530.27956187,2616057.41874,447,"36081061000","Census Tract 610; Queens County; New York","1261","235","134","61","41","27","93","51","134","61","670","194","170","83","500","142","620","148","457","150","483","119","778","148","26","23","1102","210","0","14","0","14","0","14","92","90","41","49","102","90","26","23","1072","195","120","79","248","127","337","84","367","121","580","159","543","153","177","69","366","120","37","30","14","22","23","20","1135","209","467","147","141","59","527","129","72","45","150","90","231","111","344","127","360","127","505","143","643","157","683","185","318","128","66","54","252","96","0","14","0","14","11","18","0","14","23","30","17","16","53","54","68","46","146","87","11800","3136","71","61","33","27","214","100","1261","235","112","73","13","17","11","16","2","7","13","17","30","35","14","22","16","29","70","64","69","64","16","26","96","60","0","14","58","48","0","14","0","14","0","14","54","65","0","14","43","62","0","14","99","64","59","52","25","19","15","23","0","14","25","28","11","16","1","7","10","15","14","22","14","22","0","14","99","64","1","7","24","28","74","46",(X),(X),(X),(X),(X),(X),(X),(X),(X),(X),(X),(X),(X),(X),(X),(X),"82","57","0","14","82","57","0","14","0","14","0","14","0","14","0","14","13","15","0","14","10","15","59","52",(X),(X),"0","14","10","15","72","45","112","73","8.9","5.8","9.7","12.6","26.8","34.8","2.2","8.0","9.7","12.6","4.5","5.1","8.2","12.5","3.2","5.6","11.3","9.3","15.1","12.2","3.3","5.5","12.3","7.8","0.0","66.5","5.3","4.7","-",**,"-",**,"-",**,"58.7","22.7","0.0","53.0","42.2","30.4","0.0","66.5","9.2","6.0","49.2","25.9","10.1","8.6","4.5","6.6","0.0","10.9","4.3","4.7","2.0","3.1","0.6","3.9","2.7","4.5","37.8","44.3","100.0","90.6","0.0","70.7","8.7","5.7","0.2","1.4","17.0","15.8","14.0","8.2",(X),(X),(X),(X),(X),(X),(X),(X),(X),(X),(X),(X),(X),(X),(X),(X),"25.8","15.9","0.0","41.7","32.5","18.9","-",**,"-",**,"0.0","100.0","-",**,"0.0","70.7","76.5","50.1","0.0","46.6","14.7","19.7","40.4","25.6",(X),(X),"0.0","40.2","30.3","37.6","33.6","20.8","8.9","5.8",,"36081061000",8.9,0.134247893672465,0.0230227859183642,Retention Street,1055446.61606016,190815.697103296
6,"556","4",Queens,"055600","4055600",I,Queens Village,QN1303,QN13,QN13 Queens Village-Bellerose-Rosedale (CD 13 Approximation),"36081055600","4413",6237.49461204,2442153.50048,410,"36081055600","Census Tract 556; Queens County; New York","2233","438","386","105","82","67","304","64","386","105","1388","291","497","225","891","141","683","166","459","165","1121","286","1112","195","80","42","200","90","0","14","1018","327","0","14","544","349","391","132","638","355","69","40","1599","271","354","183","271","86","327","84","647","134","1140","270","1091","264","597","199","494","109","49","40","30","25","19","30","1869","360","905","238","289","93","675","179","25","22","66","61","214","118","229","120","262","131","494","176","1261","455","1484","455","114","63","75","47","39","32","0","14","0","14","12","19","6","10","13","15","7","19","28","30","22","21","26","26","11728","3126","48","41","18","17","48","33","2233","438","66","61","22","36","22","36","0","14","22","36","35","30","0","14","35","30","13","15","9","11","14","14","52","61","0","14","46","64","0","14","13","16","0","14","0","14","7","11","7","11","0","14","44","30","5","12","5","9","7","11","27","29","26","32","7","11","7","11","0","14","19","30","0","14","19","30","44","30","0","14","7","11","37","27",(X),(X),(X),(X),(X),(X),(X),(X),(X),(X),(X),(X),(X),(X),(X),(X),"25","22","14","14","11","13","0","14","0","14","0","14","0","14","7","11","5","12","4","8","5","9","4","7",(X),(X),"0","14","7","11","18","19","66","61","3.0","2.7","5.7","9.2","26.8","37.7","0.0","13.0","5.7","9.2","2.5","2.1","0.0","8.2","3.9","3.3","1.9","2.2","2.0","2.5","1.2","1.3","4.7","5.5","0.0","37.9","23.0","25.7","-",**,"1.3","1.7","-",**,"0.0","7.5","1.8","2.7","1.1","1.8","0.0","40.8","2.8","1.9","1.4","3.7","1.8","3.4","2.1","3.3","4.2","4.5","2.3","2.8","0.6","1.0","1.2","1.9","0.0","8.2","38.8","43.7","0.0","61.9","100.0","77.8","2.4","1.6","0.0","4.6","2.4","3.6","5.5","4.2",(X),(X),(X),(X),(X),(X),(X),(X),(X),(X),(X),(X),(X),(X),(X),(X),"21.9","15.8","18.7","16.6","28.2","33.8","-",**,"-",**,"0.0","97.9","0.0","100.0","53.8","53.8","71.4","52.4","14.3","26.9","22.7","40.3","15.4","29.8",(X),(X),"0.0","48.9","38.9","42.7","37.5","39.4","3.0","2.7",,"36081055600",3,0.125837337455516,0.0288292307575355,Retention Street,1054928.51767806,203717.117809406
7,"468","4",Queens,"046800","4046800",E,Jamaica,QN1201,QN12,QN12 Jamaica-St. Albans-Hollis (CD 12 Approximation),"36081046800","4412",6509.98916195,2471077.08163,338,"36081046800","Census Tract 468; Queens County; New York","3653","642","1069","389","491","208","578","253","1069","389","1927","368","714","236","1213","313","869","362","657","374","1565","332","2088","443","37","34","679","369","158","184","2008","525","0","14","418","214","353","183","503","179","14","21","2393","468","747","334","520","179","470","167","656","184","1814","483","1736","487","741","210","995","380","78","49","44","39","34","29","2674","478","1100","279","721","394","853","222","405","329","581","396","693","422","947","416","1300","610","2200","645","2595","673","2912","684","505","384","149","98","356","356","0","14","0","14","0","14","56","48","46","56","25","27","62","62","293","350","23","29",N,N,"165","121","268","345","72","69","3653","642","444","334","269","261","92","87","177","188","269","261","138","93","76","64","62","50","37","35","37","35","223","187","221","160","14","21","57","56","158","184","87","95","0","14","70","109","58","72","82","110","14","21","161","99","37","37","53","49","15","24","56","49","77","56","32","31","20","23","12","19","45","41","32","34","13","20","187","117","32","31","28","33","127","94",(X),(X),(X),(X),(X),(X),(X),(X),(X),(X),(X),(X),(X),(X),(X),(X),"37","37","24","29","13","20","0","14","0","14","0","14","15","25","0","14","0","14","0","14","22","26","0","14",(X),(X),"0","14","28","33","9","16","444","334","12.2","8.4","25.2","20.6","18.7","16.1","30.6","26.5","25.2","20.6","7.2","4.9","10.6","9.6","5.1","4.2","4.3","4.3","5.6","6.2","14.2","10.9","10.6","7.4","37.8","48.5","8.4","9.8","100.0","23.3","4.3","5.0","-",**,"16.7","27.0","16.4","20.0","16.3","21.9","100.0","90.6","6.7","4.3","5.0","5.4","10.2","9.0","3.2","4.9","8.5","7.5","4.2","3.3","1.8","1.9","2.7","3.3","1.2","1.9","57.7","29.4","72.7","37.1","38.2","46.3","7.0","4.4","2.9","3.0","3.9","5.0","14.9","10.7",(X),(X),(X),(X),(X),(X),(X),(X),(X),(X),(X),(X),(X),(X),(X),(X),"7.3","10.2","16.1","23.9","3.7","7.8","-",**,"-",**,"-",**,"26.8","47.3","0.0","50.0","0.0","67.8","0.0","43.1","7.5","17.2","0.0","70.7",(X),(X),"0.0","22.5","10.4","24.2","12.5","25.6","12.2","8.4",,"36081046800",12.2,0.185386583210234,0.021750789527363,Retention Street,1044609.90335863,198203.026853957
8,"532","4",Queens,"053200","4053200",I,St. Albans,QN1205,QN12,QN12 Jamaica-St. Albans-Hollis (CD 12 Approximation),"36081053200","4412",8791.72955535,2043401.9431,391,"36081053200","Census Tract 532; Queens County; New York","2138","385","482","172","179","95","303","137","482","172","1314","269","490","176","824","152","470","106","342","106","873","181","1265","254","6","5","1755","371","0","14","106","158","0","14","240","195","31","33","333","202","6","5","1485","245","193","84","492","177","528","140","272","87","1060","224","1042","224","527","125","515","146","18","18","13","16","5","10","1743","306","878","184","266","131","599","171","92","86","402","222","418","222","672","270","758","316","985","361","1076","357","1241","344","258","113","176","71","82","65","0","14","0","14","2","10","24","32","119","72","55","52","15","15","24","25","19","20","8111","2112","119","63","46","43","93","55","2126","385","243","185","66","76","16","26","50","61","66","76","136","105","37","39","99","75","41","32","41","32","138","101","105","92","0","14","139","104","0","14","99","157","0","14","0","14","5","7","40","62","0","14","161","110","35","52","77","71","36","39","13","20","63","49","63","49","61","48","2","10","0","14","0","14","0","14","192","145","24","30","39","42","129","109",(X),(X),(X),(X),(X),(X),(X),(X),(X),(X),(X),(X),(X),(X),(X),(X),"100","80","72","55","28","35","0","14","0","14","2","10","21","32","38","45","21","31","0","14","8","11","10","14",(X),(X),"0","14","39","42","61","50","241","185","11.4","8.2","13.7","16.4","8.9","17.4","16.5","19.9","13.7","16.4","10.4","7.4","7.6","7.6","12.0","8.4","8.7","6.7","12.0","9.5","15.8","10.2","8.3","7.3","0.0","100.0","7.9","5.3","-",**,"93.4","22.8","-",**,"0.0","16.2","16.1","36.2","12.0","20.5","0.0","100.0","10.8","6.9","18.1","26.1","15.7","11.7","6.8","7.2","4.8","7.2","5.9","4.7","6.0","4.8","11.6","8.8","0.4","1.9","0.0","79.9","0.0","94.1","0.0","100.0","11.0","7.7","2.7","3.6","14.7","16.4","21.5","15.4",(X),(X),(X),(X),(X),(X),(X),(X),(X),(X),(X),(X),(X),(X),(X),(X),"38.8","20.7","40.9","26.2","34.1","23.3","-",**,"-",**,"100.0","100.0","87.5","34.1","31.9","30.0","38.2","36.8","0.0","87.6","33.3","20.9","52.6","52.6",(X),(X),"0.0","29.2","84.8","28.4","65.6","25.3","11.3","8.2",,"36081053200",11.4,0.159534310361509,0.0104733061630159,Retention Street,1053821.9128758,194442.094352589
9,"202","4",Queens,"020200","4020200",E,South Jamaica,QN1202,QN12,QN12 Jamaica-St. Albans-Hollis (CD 12 Approximation),"36081020200","4412",5924.2746813,1627057.28528,169,"36081020200","Census Tract 202; Queens County; New York","1668","466","376","164","173","113","203","116","376","164","1008","333","454","148","554","214","386","138","284","144","776","246","892","286","0","14","833","360","0","14","262","192","0","14","517","265","56","46","254","208","0","14","1152","384","232","124","288","119","313","156","319","186","852","297","726","295","368","181","358","156","126","83","72","77","54","39","1325","394","524","325","302","102","499","112","58","62","371","206","545","256","614","239","658","249","953","294","1054","295","1399","447","343","320","153","145","190","186","0","14","0","14","0","14","121","118","98","136","0","14","9","11","93","86","22","31","6463","5310","232","321","13","14","98","91","1633","464","201","147","20","33","0","14","20","33","20","33","148","125","79","86","69","63","82","57","33","34","80","78","121","88","0","14","55","59","0","14","0","14","0","14","121","132","25","37","20","46","0","14","167","128","110","116","20","46","9","11","28","33","95","106","45","41","0","14","45","41","50","72","50","72","0","14","181","131","0","14","50","44","131","96",(X),(X),(X),(X),(X),(X),(X),(X),(X),(X),(X),(X),(X),(X),(X),(X),"46","57","0","14","46","57","0","14","0","14","0","14","20","46","4","8","0","14","0","14","0","14","22","31",(X),(X),"0","14","4","8","42","56","181","141","12.1","9.7","5.3","9.2","0.0","21.6","9.9","16.7","5.3","9.2","14.7","13.0","17.4","18.8","12.5","11.8","21.2","14.8","11.6","11.1","10.3","10.4","13.6","10.9","-",**,"6.6","7.7","-",**,"0.0","14.9","-",**,"23.4","25.3","44.6","55.4","7.9","21.5","-",**,"14.5","12.4","47.4","36.5","6.9","15.2","2.9","4.3","8.8","12.3","11.2","12.7","6.2","6.5","0.0","10.9","12.6","12.9","39.7","40.6","69.4","47.1","0.0","46.1","13.7","11.0","0.0","7.8","16.6","14.3","26.3","17.7",(X),(X),(X),(X),(X),(X),(X),(X),(X),(X),(X),(X),(X),(X),(X),(X),"13.4","22.5","0.0","23.9","24.2","36.4","-",**,"-",**,"-",**,"16.5","40.5","4.1","17.8","-",**,"0.0","100.0","0.0","34.7","100.0","72.3",(X),(X),"0.0","16.7","30.8","47.8","42.9","40.6","11.1","9.4",,"36081020200",12.1,0.165068049246644,0.0312035706772471,Cloudburst Road,1037553.22842098,190633.753587395
10,"260","4",Queens,"026000","4026000",E,South Jamaica,QN1202,QN12,QN12 Jamaica-St. Albans-Hollis (CD 12 Approximation),"36081026000","4412",7810.54494352,1920918.45909,204,"36081026000","Census Tract 260; Queens County; New York","2894","636","758","226","211","108","547","159","758","226","1803","449","897","299","906","201","395","115","333","109","1396","409","1498","291","0","14","1868","602","0","14","832","334","0","14","129","99","65","67","143","96","0","14","1699","389","389","146","817","346","298","96","195","72","1427","386","1201","336","606","225","595","150","226","119","118","84","108","63","2222","494","780","259","487","144","955","233","310","193","813","285","960","330","1095","336","1109","336","2079","502","2314","490","2527","618","268","132","179","120","89","51","0","14","0","14","12","20","79","76","21","30","41","33","25","31","70","39","20","23","7747","4543","150","94","12","19","106","55","2894","636","519","234","268","146","99","73","169","94","268","146","186","97","78","53","108","60","71","44","65","40","199","100","320","152","0","14","410","211","0","14","13","21","0","14","88","86","8","13","82","84","0","14","208","87","68","42","107","66","23","25","10","15","89","65","62","45","0","14","62","45","27","29","20","32","7","11","291","126","0","14","62","45","229","107",(X),(X),(X),(X),(X),(X),(X),(X),(X),(X),(X),(X),(X),(X),(X),(X),"85","50","58","47","27","26","0","14","0","14","0","14","13","21","10","15","10","17","0","14","32","29","20","23",(X),(X),"0","14","0","14","85","50","519","234","17.9","8.3","35.4","15.5","46.9","25.7","30.9","14.9","35.4","15.5","10.3","5.8","8.7","6.2","11.9","7.0","18.0","11.1","19.5","11.5","14.3","7.8","21.4","9.6","-",**,"21.9","11.4","-",**,"1.6","2.5","-",**,"68.2","42.3","12.3","26.4","57.3","35.7","-",**,"12.2","6.0","17.5","12.3","13.1","9.3","7.7","8.8","5.1","7.9","6.2","4.7","5.2","4.0","0.0","6.8","10.4","7.6","11.9","12.2","16.9","24.4","6.5","12.2","13.1","6.3","0.0","5.3","12.7","9.5","24.0","12.3",(X),(X),(X),(X),(X),(X),(X),(X),(X),(X),(X),(X),(X),(X),(X),(X),"31.7","11.1","32.4","13.2","30.3","26.6","-",**,"-",**,"0.0","97.9","16.5","18.5","47.6","22.3","24.4","36.1","0.0","67.8","45.7","29.6","100.0","75.8",(X),(X),"0.0","24.3","0.0","97.9","80.2","22.5","17.9","8.3",,"36081026000",17.9,0.183797023335165,0.0228683046146867,Retention Street,1041567.0089228,191730.877262157
11,"534.01","4",Queens,"053401","4053401",I,Cambria Heights,QN1304,QN13,QN13 Queens Village-Bellerose-Rosedale (CD 13 Approximation),"36081053401","4413",7981.29923038,2799985.40323,392,"36081053401","Census Tract 534.01; Queens County; New York","1968","501","364","236","136","82","228","191","364","236","1186","249","433","115","753","183","560","129","418","91","944","252","1024","323","10","13","1803","503","0","14","91","81","0","14","22","21","42","48","117","101","9","13","1541","316","171","68","453","225","484","132","433","127","1023","267","984","262","485","106","499","225","39","29","20","22","19","27","1661","312","865","252","282","76","514","98","17","17","102","59","129","61","149","78","322","212","460","207","735","275","934","285","196","76","72","43","124","57","0","14","0","14","2","6","0","14","9","14","39","43","38","34","74","41","34","22",N,N,"75","55","20","20","101","41","1968","501","74","50","0","14","0","14","0","14","0","14","27","24","2","6","25","23","47","32","47","32","31","34","43","26","0","14","65","48","0","14","0","14","0","14","9","13","0","14","9","13","0","14","72","51","5","9","23","22","17","17","27","31","18","20","2","6","2","6","0","14","16","19","16","19","0","14","74","50","0","14","2","6","72","51",(X),(X),(X),(X),(X),(X),(X),(X),(X),(X),(X),(X),(X),(X),(X),(X),"31","24","2","6","29","23","0","14","0","14","2","6","0","14","0","14","9","13","0","14","5","9","15","17",(X),(X),"0","14","2","6","29","23","74","50","3.8","2.7","0.0","11.0","0.0","26.3","0.0","16.9","0.0","11.0","2.3","2.0","0.5","1.2","3.3","3.2","8.4","6.1","11.2","7.9","3.3","3.5","4.2","2.8","0.0","100.0","3.6","2.8","-",**,"0.0","35.2","-",**,"40.9","39.4","0.0","52.3","7.7","14.0","0.0","100.0","4.7","3.4","2.9","5.6","5.1","5.5","3.5","3.5","6.2","7.1","1.8","1.9","0.2","0.6","0.4","1.1","0.0","8.2","41.0","50.8","80.0","51.9","0.0","77.8","4.5","3.1","0.0","4.8","0.7","2.0","14.0","9.8",(X),(X),(X),(X),(X),(X),(X),(X),(X),(X),(X),(X),(X),(X),(X),(X),"15.8","10.2","2.8","8.3","23.4","15.6","-",**,"-",**,"100.0","100.0","-",**,"0.0","100.0","23.1","48.3","0.0","55.0","6.8","13.2","44.1","31.4",(X),(X),"0.0","39.2","10.0","31.6","28.7","20.3","3.8","2.7",,"36081053401",3.8,0.143432332820195,0.0305366552428579,Cloudburst Road,1055192.70469018,194347.327475538
12,"554","4",Queens,"055400","4055400",E,Queens Village,QN1303,QN13,QN13 Queens Village-Bellerose-Rosedale (CD 13 Approximation),"36081055400","4413",6806.19234459,2368771.71428,408,"36081055400","Census Tract 554; Queens County; New York","2599","484","392","129","116","62","276","105","392","129","1777","470","559","195","1218","321","1030","288","430","111","1263","343","1336","239","327","144","358","216","12","17","1032","329","0","14","469","214","401","242","622","192","270","132","1955","349","311","109","546","241","549","230","549","150","1324","280","1194","267","639","162","555","155","130","62","72","46","58","35","2255","429","730","228","568","160","957","254","213","186","443","240","588","263","681","259","708","268","1497","354","1903","468","2243","500","234","70","107","59","127","52","0","14","0","14","4","6","11","14","25","37","36","23","49","41","35","38","74","48","9125","2531","45","34","67","47","122","47","2599","484","414","238","67","81","30","42","37","41","67","81","242","192","33","32","209","186","255","190","105","58","163","94","251","194","70","53","7","11","12","17","165","181","0","14","39","50","121","148","85","65","45","38","321","195","46","41","173","183","90","65","12","14","104","58","73","54","43","42","30","36","31","27","16","19","15","24","347","202","37","36","51","48","259","187",(X),(X),(X),(X),(X),(X),(X),(X),(X),(X),(X),(X),(X),(X),(X),(X),"130","61","78","56","52","31","0","14","0","14","4","6","7","11","25","37","8","13","27","30","13","15","46","39",(X),(X),"11","13","40","44","79","48","414","238","15.9","8.6","17.1","20.5","25.9","33.0","13.4","15.9","17.1","20.5","13.6","10.2","5.9","5.4","17.2","13.8","24.8","16.2","24.4","12.2","12.9","7.6","18.8","12.9","21.4","16.2","2.0","3.4","100.0","97.9","16.0","15.8","-",**,"8.3","11.0","30.2","27.6","13.7","11.0","16.7","14.6","16.4","9.4","14.8","13.1","31.7","25.6","16.4","13.1","2.2","2.5","7.9","4.8","6.1","4.9","6.7","7.3","5.4","6.3","23.8","19.1","22.2","25.2","25.9","33.8","15.4","8.6","5.1","4.5","9.0","9.7","27.1","16.1",(X),(X),(X),(X),(X),(X),(X),(X),(X),(X),(X),(X),(X),(X),(X),(X),"55.6","19.1","72.9","27.4","40.9","22.0","-",**,"-",**,"100.0","100.0","63.6","53.2","100.0","67.8","22.2","40.4","55.1","42.6","37.1","57.9","62.2","35.5",(X),(X),"24.4","43.9","59.7","42.1","64.8","28.4","15.9","8.6",,"36081055400",15.9,0.178595135759825,0.0242981266956965,Retention Street,1056268.24468022,204537.081036508
13,"462","4",Queens,"046200","4046200",E,Jamaica,QN1201,QN12,QN12 Jamaica-St. Albans-Hollis (CD 12 Approximation),"36081046200","4412",6938.21065051,2686916.39779,332,"36081046200","Census Tract 462; Queens County; New York","5901","1199","1189","503","501","282","688","356","1189","503","3884","613","1430","385","2454","376","1484","447","828","440","3372","840","2529","495","126","80","1187","330","20","33","3065","1064","0","19","1155","734","348","251","944","709","126","80","4316","780","1124","524","812","267","1121","272","1259","356","2642","394","2372","359","1382","333","990","240","270","136","180","124","90","63","4798","847","1634","243","1393","585","1771","405","327","155","1067","641","1566","801","2929","1219","3030","1214","4185","1311","5137","1244","5453","1245","756","209","345","202","411","166","0","19","0","19","0","19","205","150","39","50","210","142","205","119","58","55","39","52","12886","2155","391","202","85","76","280","99","5755","1196","636","321","124","145","48","76","76","72","124","145","465","208","202","156","263","127","106","82","47","50","300","183","336","191","31","27","181","106","0","19","376","294","0","19","0","19","48","77","0","19","31","27","429","170","124","88","132","101","64","57","109","87","251","161","195","125","91","85","104","67","56","51","20","32","36","41","531","227","68","74","147","112","316","117",(X),(X),(X),(X),(X),(X),(X),(X),(X),(X),(X),(X),(X),(X),(X),(X),"188","57","77","85","111","89","0","19","0","19","0","19","47","64","0","19","82","54","27","41","17","28","15","32",(X),(X),"15","32","0","19","173","65","505","316","10.8","5.9","10.4","12.8","9.6","15.7","11.0","13.2","10.4","12.8","12.0","5.7","14.1","11.0","10.7","5.3","7.1","5.7","5.7","6.5","8.9","5.9","13.3","7.5","24.6","21.6","15.2","9.7","0.0","75.8","12.3","10.6","-",**,"0.0","3.6","13.8","22.8","0.0","4.4","24.6","21.6","9.9","4.4","11.0","9.6","16.3","13.4","5.7","5.1","8.7","6.6","9.5","6.4","8.2","5.6","6.6","6.5","10.5","7.2","20.7","18.6","11.1","18.3","40.0","35.0","11.1","5.1","4.2","4.6","10.6","9.0","17.8","7.5",(X),(X),(X),(X),(X),(X),(X),(X),(X),(X),(X),(X),(X),(X),(X),(X),"24.9","10.0","22.3","23.6","27.0","16.7","-",**,"-",**,"-",**,"22.9","33.3","0.0","54.3","39.0","37.7","13.2","19.3","29.3","47.8","38.5","61.5",(X),(X),"3.8","8.6","0.0","36.7","61.8","19.1","8.8","5.8",,"36081046200",10.8,0.182291175225852,0.0316896771188329,Cloudburst Road,1043031.10517239,197967.543045185
14,"524","4",Queens,"052400","4052400",I,St. Albans,QN1205,QN12,QN12 Jamaica-St. Albans-Hollis (CD 12 Approximation),"36081052400","4412",6098.59450094,2111656.27515,385,"36081052400","Census Tract 524; Queens County; New York","2150","337","588","168","189","159","399","133","588","168","1298","238","338","143","960","177","379","85","264","91","961","210","1189","210","0","14","1487","392","0","14","254","204","0","14","297","185","112","124","235","163","0","14","1387","215","233","100","407","140","330","102","417","113","1101","216","1063","213","509","131","554","116","38","39","16","25","22","29","1620","260","857","190","314","98","449","128","194","145","257","154","391","231","475","258","564","253","1130","401","1395","355","1519","365","250","126","142","99","108","60","0","14","0","14","0","14","8","11","78","69","82","57","24","23","28","26","30","28",N,N,"134","94","23","20","93","51","2150","337","221","150","33","36","0","14","33","36","33","36","148","127","72","112","76","59","40","39","40","39","93","73","128","89","0","14","131","128","0","14","38","58","0","14","52","81","0","14","52","81","0","14","116","80","44","36","18","27","27","30","27","32","47","53","47","53","29","45","18","17","0","14","0","14","0","14","202","140","0","14","47","53","155","102",(X),(X),(X),(X),(X),(X),(X),(X),(X),(X),(X),(X),(X),(X),(X),(X),"53","40","18","28","35","30","0","14","0","14","0","14","0","14","18","28","7","11","8","12","6","9","14","23",(X),(X),"0","14","8","12","45","38","221","150","10.3","6.9","5.6","6.2","0.0","20.0","8.3","9.4","5.6","6.2","11.4","9.4","21.3","28.8","7.9","6.3","10.6","10.4","15.2","14.8","9.7","7.7","10.8","7.1","-",**,"8.8","7.9","-",**,"15.0","29.5","-",**,"17.5","27.7","0.0","30.6","22.1","32.8","-",**,"8.4","5.8","18.9","17.5","4.4","6.6","8.2","8.6","6.5","7.9","4.3","4.8","4.4","5.0","5.7","8.8","3.2","3.1","0.0","55.0","0.0","84.8","0.0","72.3","12.5","8.2","0.0","4.8","15.0","15.2","34.5","17.5",(X),(X),(X),(X),(X),(X),(X),(X),(X),(X),(X),(X),(X),(X),(X),(X),"21.2","12.3","12.7","19.3","32.4","18.8","-",**,"-",**,"-",**,"0.0","100.0","23.1","36.0","8.5","15.9","33.3","44.5","21.4","33.5","46.7","51.3",(X),(X),"0.0","26.6","34.8","45.0","48.4","26.7","10.3","6.9",,"36081052400",10.3,0.158047296711192,0.0154810125865595,Retention Street,1050252.73691573,194842.324082003
15,"568","4",Queens,"056800","4056800",I,Queens Village,QN1303,QN13,QN13 Queens Village-Bellerose-Rosedale (CD 13 Approximation),"36081056800","4413",15714.0543853,9137102.91612,421,"36081056800","Census Tract 568; Queens County; New York","4351","728","572","218","79","56","493","202","572","218","2872","492","757","178","2115","421","1160","242","907","232","2002","335","2349","520","373","213","2742","645","0","14","298","168","0","14","341","254","597","257","706","315","254","113","3497","594","483","189","869","241","693","186","1452","514","2766","468","2491","434","1109","230","1382","315","275","125","223","127","52","35","3886","617","1908","360","690","221","1288","282","351","165","473","184","529","202","755","286","779","285","1142","359","1885","427","2571","613","487","172","320","144","167","111","0","14","0","14","11","46","51","47","116","82","63","59","167","84","55","45","24","32","12802","1875","195","110","90","93","202","72","4260","727","418","176","89","83","30","28","59","55","89","83","251","104","62","32","189","108","90","83","78","82","266","144","152","82","154","111","155","102","0","14","14","27","0","14","0","14","95","58","60","53","154","111","318","145","102","69","125","71","35","45","56","50","134","92","104","79","80","53","24","37","30","41","30","41","0","14","329","127","24","37","80","53","225","98",(X),(X),(X),(X),(X),(X),(X),(X),(X),(X),(X),(X),(X),(X),(X),(X),"183","88","130","98","53","70","0","14","0","14","11","46","27","24","66","65","0","14","42","44","23","35","14","27",(X),(X),"0","14","23","39","160","71","330","167","9.6","4.1","15.6","15.7","38.0","32.0","12.0","12.9","15.6","15.7","8.7","3.7","8.2","4.1","8.9","5.1","7.8","7.9","8.6","10.5","13.3","7.0","6.5","3.6","41.3","31.9","5.7","4.0","-",**,"4.7","10.3","-",**,"0.0","11.7","15.9","11.0","8.5","9.5","60.6","35.8","9.1","4.3","21.1","12.0","14.4","9.5","5.1","6.0","3.9","3.6","4.8","3.3","4.2","3.2","7.2","4.7","1.7","2.7","10.9","15.3","13.5","19.3","0.0","47.0","8.5","3.5","1.3","2.0","11.6","7.8","17.5","8.3",(X),(X),(X),(X),(X),(X),(X),(X),(X),(X),(X),(X),(X),(X),(X),(X),"37.6","14.2","40.6","25.6","31.7","26.8","-",**,"-",**,"100.0","100.0","52.9","51.3","56.9","36.8","0.0","42.7","25.1","25.1","41.8","46.9","58.3","58.1",(X),(X),"0.0","19.4","25.6","40.0","79.2","16.3","7.7","3.9",,"36081056800",9.6,0.165531052435316,0.0423582873034885,Cloudburst Road,1058107.42224459,200086.426366319
16,"582","4",Queens,"058200","4058200",I,Queens Village,QN1303,QN13,QN13 Queens Village-Bellerose-Rosedale (CD 13 Approximation),"36081058200","4413",11441.3767643,6066865.06104,426,"36081058200","Census Tract 582; Queens County; New York","5092","1010","973","397","128","101","845","374","973","397","3160","725","1327","451","1833","382","1400","254","959","276","2271","478","2821","708","245","187","3160","1023","214","249","269","233","0","19","475","482","729","419","956","530","214","179","3520","611","520","177","970","305","1202","339","828","269","2983","676","2661","656","1153","286","1508","470","322","145","218","103","104","99","4296","822","1670","352","1281","490","1345","280","103","87","353","201","353","201","482","287","574","285","1758","652","2539","809","3404","1131","380","189","159","108","221","125","0","19","0","19","0","19","46","59","51","60","49","79","29","33","116","116","89","63",N,N,"147","135","103","75","130","69","5066","1010","285","203","61","67","28","43","33","50","61","67","173","132","65","68","108","93","95","94","51","40","206","163","79","55","26","4","196","179","0","19","49","77","0","19","0","19","14","25","0","19","26","4","173","135","66","75","16","26","30","35","61","41","105","80","91","75","78","71","13","19","14","21","14","21","0","19","224","165","0","19","122","92","102","95",(X),(X),(X),(X),(X),(X),(X),(X),(X),(X),(X),(X),(X),(X),(X),(X),"79","45","40","40","39","20","0","19","0","19","0","19","14","25","27","29","0","19","12","19","0","19","26","4",(X),(X),"0","19","53","45","26","4","259","203","5.6","3.9","6.3","7.4","21.9","33.1","3.9","6.4","6.3","7.4","5.5","4.1","4.9","5.3","5.9","4.9","6.8","6.3","5.3","4.1","9.1","6.8","2.8","2.0","10.6","10.4","6.2","5.6","0.0","17.9","18.2","29.4","-",**,"0.0","8.6","1.9","4.2","0.0","4.3","12.1","12.9","4.9","3.6","12.7","13.9","1.6","2.7","2.5","2.8","7.4","4.9","3.5","2.7","3.4","2.9","6.8","6.1","0.9","1.3","4.3","6.8","6.4","9.8","0.0","32.2","5.2","3.7","0.0","2.5","9.5","6.8","7.6","6.8",(X),(X),(X),(X),(X),(X),(X),(X),(X),(X),(X),(X),(X),(X),(X),(X),"20.8","12.3","25.2","20.6","17.6","11.8","-",**,"-",**,"-",**,"30.4","57.1","52.9","32.8","0.0","48.4","41.4","58.5","0.0","29.8","29.2","21.9",(X),(X),"0.0","24.7","51.5","28.9","20.0","9.8","5.1","3.9",,"36081058200",5.6,0.130597540055802,0.0258490984378742,Retention Street,1057013.56590944,196960.616816626
17,"482","4",Queens,"048200","4048200",I,Hollis,QN1206,QN12,QN12 Jamaica-St. Albans-Hollis (CD 12 Approximation),"36081048200","4412",6546.13672351,2453867.5558,352,"36081048200","Census Tract 482; Queens County; New York","1255","227","121","41","47","33","74","30","110","38","943","201","419","167","524","92","350","104","191","54","566","112","689","174","152","121","344","145","0","14","576","170","0","14","84","83","99","55","77","86","152","121","998","209","149","67","244","127","293","106","312","103","834","205","749","188","323","78","426","164","85","47","57","41","28","29","1149","217","542","184","278","115","329","80","81","61","101","69","188","91","297","132","309","132","498","144","660","178","819","210","253","153","102","47","151","143","0","14","11","11","11","12","85","137","2","5","31","25","71","36","29","31","13","12","12582","1739","149","147","29","23","75","48","1234","227","89","64","11","11","0","14","11","11","0","14","76","55","25","21","51","38","4","7","2","4","50","38","39","32","5","11","8","14","0","14","74","61","0","14","2","4","0","14","2","4","5","11","67","46","10","10","21","24","28","26","8","11","30","25","19","20","11","17","8","11","11","11","0","14","11","11","89","64","0","14","19","20","70","55",(X),(X),(X),(X),(X),(X),(X),(X),(X),(X),(X),(X),(X),(X),(X),(X),"78","58","45","35","33","29","0","14","11","11","11","12","8","11","0","14","19","17","27","24","0","14","2","4",(X),(X),"0","14","19","20","59","49","82","63","7.1","5.0","9.1","8.9","0.0","49.5","14.9","13.1","0.0","31.0","8.1","5.8","6.0","5.5","9.7","7.1","1.1","2.0","1.0","2.3","8.8","6.1","5.7","4.8","3.3","8.6","2.3","3.8","-",**,"12.8","9.9","-",**,"2.4","6.4","0.0","33.3","2.6","7.4","3.3","8.6","6.7","4.7","6.7","7.0","8.6","10.4","9.6","9.3","2.6","3.6","3.6","3.2","2.5","2.7","3.4","5.2","1.9","2.8","12.9","14.8","0.0","44.9","39.3","52.0","7.7","5.5","0.0","7.5","6.8","7.8","21.3","15.2",(X),(X),(X),(X),(X),(X),(X),(X),(X),(X),(X),(X),(X),(X),(X),(X),"30.8","25.7","44.1","29.3","21.9","27.6","-",**,"100.0","100.0","100.0","100.0","9.4","23.9","0.0","100.0","61.3","39.2","38.0","33.5","0.0","63.0","15.4","35.0",(X),(X),"0.0","24.4","65.5","37.8","78.7","25.9","6.6","5.0",,"36081048200",7.1,0.121776033971667,0.0259487637375201,Retention Street,1048586.16525007,199796.801561327
18,"206","4",Queens,"020600","4020600",E,Jamaica,QN1201,QN12,QN12 Jamaica-St. Albans-Hollis (CD 12 Approximation),"36081020600","4412",6138.09253871,1596058.11798,172,"36081020600","Census Tract 206; Queens County; New York","1585","308","365","151","49","29","316","148","365","151","1040","220","249","118","791","165","293","99","180","84","844","192","741","179","75","93","200","128","0","14","237","189","0","14","839","302","234","100","640","308","75","93","1075","209","455","178","322","125","216","91","82","43","914","209","801","194","449","96","352","141","113","84","48","46","65","51","1284","257","397","123","463","179","424","137","91","74","337","143","595","260","714","291","776","293","996","310","1189","327","1391","321","123","87","92","82","31","29","0","14","0","14","0","14","28","45","0","14","31","49","17","21","24","34","23","36",N,N,"29","31","55","49","39","31","1585","308","222","118","72","54","27","25","45","40","72","54","126","72","52","40","74","48","39","31","24","34","103","70","119","80","0","14","24","33","0","14","35","58","0","14","98","73","65","60","139","96","0","14","133","74","55","44","49","40","14","22","15","21","93","54","85","53","46","41","39","39","8","14","0","14","8","14","165","89","7","12","95","56","63","41",(X),(X),(X),(X),(X),(X),(X),(X),(X),(X),(X),(X),(X),(X),(X),(X),"71","55","56","58","15","21","0","14","0","14","0","14","14","22","0","14","18","29","15","21","24","34","0","14",(X),(X),"0","14","32","35","39","31","222","118","14.0","7.0","19.7","14.9","55.1","36.4","14.2","13.2","19.7","14.9","12.1","6.5","20.9","13.3","9.4","5.9","13.3","10.8","13.3","17.4","12.2","7.7","16.1","10.3","0.0","39.2","12.0","19.3","-",**,"14.8","27.4","-",**,"11.7","8.0","27.8","19.7","21.7","15.0","0.0","39.2","12.4","6.4","12.1","9.6","15.2","12.7","6.5","9.6","18.3","24.1","10.2","5.4","10.6","6.1","10.2","8.4","11.1","11.0","7.1","13.3","0.0","48.9","12.3","23.4","12.9","6.5","1.8","3.0","20.5","12.7","14.9","9.6",(X),(X),(X),(X),(X),(X),(X),(X),(X),(X),(X),(X),(X),(X),(X),(X),"57.7","21.5","60.9","31.8","48.4","51.6","-",**,"-",**,"-",**,"50.0","6.2","-",**,"58.1","8.7","88.2","27.6","100.0","69.2","0.0","70.7",(X),(X),"0.0","63.0","58.2","51.1","100.0","54.3","14.0","7.0",,"36081020600",14,0.183912149608621,0.0171021286015313,Retention Street,1037152.83861702,192302.67578087
19,"580","4",Queens,"058000","4058000",I,Queens Village,QN1303,QN13,QN13 Queens Village-Bellerose-Rosedale (CD 13 Approximation),"36081058000","4413",11859.6976801,5917020.35853,424,"36081058000","Census Tract 580; Queens County; New York","4287","932","644","271","87","85","557","263","644","271","2666","752","978","308","1688","523","1371","326","977","206","1913","424","2374","635","118","122","2878","667","0","14","103","105","0","14","216","287","972","824","463","352","118","122","3124","653","266","132","1037","486","810","237","1011","270","2442","645","2149","586","964","289","1185","394","293","146","237","143","56","44","3731","781","1473","504","1023","330","1235","272","14","7","176","131","195","133","478","283","573","303","1459","751","1773","820","2842","898","319","190","92","63","227","178","0","14","0","14","7","12","5","8","6","10","39","35","80","74","50","55","132","94",N,N,"14","22","100","73","205","140","4270","931","153","119","24","28","0","14","24","28","24","28","90","77","30","35","60","46","41","38","39","38","87","73","66","53","11","8","115","98","0","14","3","4","0","14","0","14","24","39","24","39","11","8","109","84","28","25","14","18","31","34","36","42","87","86","36","40","11","19","25","30","51","48","30","35","21","24","129","98","7","11","49","61","73","58",(X),(X),(X),(X),(X),(X),(X),(X),(X),(X),(X),(X),(X),(X),(X),(X),"31","29","11","9","20","29","0","14","0","14","0","14","0","14","4","5","6","6","2","4","2","5","17","29",(X),(X),"0","14","1","3","30","29","139","118","3.6","2.8","3.7","4.5","0.0","36.2","4.3","5.4","3.7","4.5","3.4","3.0","3.1","3.6","3.6","2.9","3.0","2.9","4.0","4.1","4.5","3.9","2.8","2.3","9.3","15.1","4.0","3.6","-",**,"2.9","6.4","-",**,"0.0","17.8","2.5","5.4","5.2","9.2","9.3","15.1","3.5","2.7","10.5","9.6","1.4","1.8","3.8","4.5","3.6","4.3","3.6","3.6","1.7","1.9","1.1","1.9","2.1","2.7","17.4","17.2","12.7","16.5","37.5","35.2","3.5","2.7","0.5","0.8","4.8","6.5","5.9","4.4",(X),(X),(X),(X),(X),(X),(X),(X),(X),(X),(X),(X),(X),(X),(X),(X),"9.7","9.3","12.0","13.9","8.8","12.6","-",**,"-",**,"0.0","100.0","0.0","100.0","66.7","61.2","15.4","20.8","2.5","5.3","4.0","13.3","12.9","22.4",(X),(X),"0.0","90.6","1.0","3.2","14.6","12.7","3.3","2.8",,"36081058000",3.6,0.119591837687111,0.0227455040232477,Retention Street,1058907.9545332,197061.650966669
20,"646","4",Queens,"064600","4064600",I,Laurelton,QN1305,QN13,QN13 Queens Village-Bellerose-Rosedale (CD 13 Approximation),"36081064600","4413",9495.58996191,4431420.37146,476,"36081064600","Census Tract 646; Queens County; New York","3076","438","500","169","107","98","393","138","500","169","1925","330","366","111","1559","273","1021","236","651","129","1338","251","1738","258","17","19","2749","466","0","14","61","83","0","14","144","185","105","75","224","196","17","19","2443","357","85","40","831","233","574","139","953","155","1769","293","1697","280","704","170","993","163","72","54","37","35","35","33","2668","378","1262","182","477","190","929","225","123","73","336","98","369","120","549","228","554","228","834","303","1152","350","1609","390","352","119","150","70","202","74","0","14","0","14","0","14","5","9","28","27","78","53","70","51","49","35","122","92","12098","3140","134","64","31","34","187","92","3076","438","147","74","19","23","19","23","0","14","19","23","66","45","5","9","61","46","68","41","62","40","54","34","93","62","5","8","142","73","0","14","0","14","0","14","0","14","0","14","0","14","5","8","128","62","22","24","68","46","38","37","0","14","5","9","0","14","0","14","0","14","5","9","5","9","0","14","128","62","0","14","0","14","128","62",(X),(X),(X),(X),(X),(X),(X),(X),(X),(X),(X),(X),(X),(X),(X),(X),"101","56","48","34","53","42","0","14","0","14","0","14","5","9","0","14","19","21","15","17","12","17","50","43",(X),(X),"0","14","0","14","101","56","147","74","4.8","2.5","3.8","4.7","17.8","25.1","0.0","10.2","3.8","4.7","3.4","2.3","1.4","2.4","3.9","2.9","6.7","3.9","9.5","5.8","4.0","2.8","5.4","3.5","29.4","50.7","5.2","2.8","-",**,"0.0","43.4","-",**,"0.0","25.1","0.0","32.0","0.0","17.2","29.4","50.7","5.2","2.6","25.9","24.8","8.2","5.8","6.6","6.3","0.0","4.4","0.3","0.5","0.0","2.5","0.0","5.9","0.0","4.2","6.9","14.9","13.5","33.7","0.0","57.3","4.8","2.3","0.0","3.3","0.0","8.5","13.8","6.5",(X),(X),(X),(X),(X),(X),(X),(X),(X),(X),(X),(X),(X),(X),(X),(X),"28.7","10.5","32.0","22.0","26.2","18.9","-",**,"-",**,"-",**,"100.0","100.0","0.0","64.1","24.4","26.8","21.4","18.4","24.5","35.1","41.0","20.0",(X),(X),"0.0","26.6","0.0","60.9","54.0","19.9","4.8","2.5",,"36081064600",4.8,0.123989177576562,0.0165486133590591,Retention Street,1055744.81196837,184487.186101846
21,"600","4",Queens,"060000","4060000",I,Cambria Heights,QN1304,QN13,QN13 Queens Village-Bellerose-Rosedale (CD 13 Approximation),"36081060000","4413",5784.24185868,1902339.61496,441,"36081060000","Census Tract 600; Queens County; New York","1132","182","189","69","45","52","144","49","189","69","584","97","154","35","430","78","426","135","359","123","527","120","605","119","11","17","938","162","0","14","0","14","0","14","19","22","164","102","75","27","0","14","841","144","36","26","143","60","287","131","375","77","652","144","617","139","326","113","291","52","35","27","7","10","28","21","964","159","512","137","136","34","316","84","26","28","79","65","93","67","98","68","98","68","245","95","363","99","495","150","146","55","72","41","74","34","0","14","0","14","0","14","7","10","30","28","52","31","17","14","20","25","20","17",N,N,"93","52","15","15","38","30","1132","182","73","68","11","15","0","14","11","15","11","15","46","49","10","14","36","36","21","26","16","24","51","51","22","21","0","14","73","68","0","14","0","14","0","14","0","14","0","14","0","14","0","14","52","44","16","24","12","16","19","19","5","7","41","47","24","31","24","31","0","14","17","17","0","14","17","17","73","68","14","17","10","14","49","42",(X),(X),(X),(X),(X),(X),(X),(X),(X),(X),(X),(X),(X),(X),(X),(X),"16","24","16","24","0","14","0","14","0","14","0","14","0","14","0","14","0","14","0","14","16","24","0","14",(X),(X),"0","14","0","14","16","24","73","68","6.4","6.2","5.8","8.6","0.0","50.6","7.6","10.8","5.8","8.6","7.9","8.4","6.5","8.8","8.4","8.5","4.9","6.5","4.5","7.2","9.7","9.8","3.6","3.7","0.0","100.0","7.8","7.5","-",**,"-",**,"-",**,"0.0","77.8","0.0","22.6","0.0","39.2","-",**,"6.2","5.5","44.4","53.2","8.4","10.8","6.6","7.2","1.3","1.8","6.3","7.2","3.9","5.1","7.4","9.6","0.0","13.6","48.6","40.4","0.0","100.0","60.7","36.6","7.6","7.1","2.7","3.5","7.4","10.0","15.5","13.1",(X),(X),(X),(X),(X),(X),(X),(X),(X),(X),(X),(X),(X),(X),(X),(X),"11.0","16.0","22.2","29.6","0.0","39.4","-",**,"-",**,"-",**,"0.0","100.0","0.0","61.9","0.0","47.0","0.0","82.3","80.0","44.6","0.0","75.8",(X),(X),"0.0","34.7","0.0","87.6","42.1","49.6","6.4","6.2",,"36081060000",6.4,0.116028806503058,0.0103429560303986,Retention Street,1058205.31232164,192619.220158149
22,"632","4",Queens,"063200","4063200",I,Laurelton,QN1305,QN13,QN13 Queens Village-Bellerose-Rosedale (CD 13 Approximation),"36081063200","4413",9395.2784868,3192812.08659,466,"36081063200","Census Tract 632; Queens County; New York","2466","387","545","190","96","63","449","168","545","190","1569","280","568","162","1001","187","482","126","352","107","1184","225","1282","242","50","42","2148","377","0","14","0","14","0","14","149","142","119","77","175","135","40","40","1651","244","173","87","435","119","481","149","562","160","1226","201","1196","198","556","112","640","144","30","26","22","21","8","12","1958","305","945","157","373","168","640","162","9","10","155","132","251","185","344","198","417","219","668","241","1110","330","1655","417","210","108","98","57","112","88","0","14","0","14","8","11","19","22","36","30","37","43","16","19","12","14","82","78",N,N,"86","64","18","20","106","81","2466","387","118","99","14","22","0","14","14","22","14","22","58","57","34","41","24","19","46","37","46","37","32","22","86","84","0","14","95","93","0","14","0","14","0","14","23","28","0","14","23","28","0","14","70","47","13","14","17","21","25","28","15","16","40","37","31","37","0","14","31","37","9","12","4","7","5","9","104","79","31","37","4","7","69","50",(X),(X),(X),(X),(X),(X),(X),(X),(X),(X),(X),(X),(X),(X),(X),(X),"28","22","14","16","14","15","0","14","0","14","8","11","0","14","7","9","0","14","6","9","7","11","0","14",(X),(X),"8","11","4","7","16","15","118","99","4.8","3.8","2.6","3.9","0.0","34.0","3.1","4.6","2.6","3.9","3.7","3.5","6.0","7.4","2.4","1.7","9.5","7.7","13.1","10.4","2.7","1.8","6.7","6.2","0.0","48.0","4.4","4.2","-",**,"-",**,"-",**,"15.4","23.7","0.0","29.2","13.1","18.1","0.0","53.6","4.2","2.8","7.5","8.7","3.9","4.7","5.2","5.7","2.7","2.8","3.3","2.9","2.6","3.1","0.0","7.4","4.8","5.8","30.0","32.1","18.2","33.2","62.5","53.0","5.3","3.9","3.3","3.9","1.1","1.8","10.8","7.6",(X),(X),(X),(X),(X),(X),(X),(X),(X),(X),(X),(X),(X),(X),(X),(X),"13.3","11.2","14.3","18.4","12.5","14.2","-",**,"-",**,"100.0","100.0","0.0","77.8","19.4","32.4","0.0","55.8","37.5","60.7","58.3","57.4","0.0","37.4",(X),(X),"9.3","14.3","22.2","49.1","15.1","16.2","4.8","3.8",,"36081063200",4.8,0.139581633191402,0.0195448769775763,Retention Street,1056226.32321752,185856.854936545
23,"376","4",Queens,"037600","4037600",I,St. Albans,QN1205,QN12,QN12 Jamaica-St. Albans-Hollis (CD 12 Approximation),"36081037600","4412",16793.6206258,8281319.92446,279,"36081037600","Census Tract 376; Queens County; New York","6883","1266","1975","803","459","279","1516","576","1975","803","4113","637","1261","342","2852","464","1386","235","795","195","2585","582","4298","923","32","37","6244","1209","0","19","81","95","0","19","462","449","64","73","317","335","14","24","4254","513","306","153","963","307","1655","350","1330","324","3305","550","3138","563","1087","312","2051","456","167","116","70","57","97","89","5096","654","2790","526","722","222","1584","332","148","112","308","181","512","351","512","351","609","350","2004","721","3615","1299","4725","1370","618","207","286","152","332","167","0","19","0","19","1","5","50","53","119","116","87","74","202","114","89","85","70","71","10241","5090","342","172","69","53","207","111","6870","1265","308","181","32","37","0","19","32","37","32","37","153","105","21","26","132","91","147","119","123","116","143","89","165","131","32","37","237","164","0","19","37","59","0","19","0","19","2","5","22","28","14","24","259","147","14","18","123","80","91","94","31","36","59","63","22","32","10","17","12","16","37","53","0","19","37","53","284","160","20","32","11","18","253","147",(X),(X),(X),(X),(X),(X),(X),(X),(X),(X),(X),(X),(X),(X),(X),(X),"121","91","79","73","42","58","0","19","0","19","1","5","4","6","18","27","2","4","61","69","35","57","0","19",(X),(X),"0","19","2","5","119","91","295","181","4.5","2.8","1.6","2.0","0.0","8.8","2.1","2.5","1.6","2.0","3.7","2.6","1.7","2.1","4.6","3.3","10.6","8.3","15.5","13.3","5.5","3.7","3.8","3.2","100.0","59.9","3.8","2.7","-",**,"45.7","54.3","-",**,"0.0","8.8","3.1","12.1","6.9","16.9","100.0","90.6","6.1","3.6","4.6","6.2","12.8","9.1","5.5","5.8","2.3","2.8","1.8","1.9","0.7","1.0","0.9","1.6","0.6","0.8","22.2","29.6","0.0","40.5","38.1","45.6","5.6","3.3","0.7","1.1","1.5","2.4","16.0","9.1",(X),(X),(X),(X),(X),(X),(X),(X),(X),(X),(X),(X),(X),(X),(X),(X),"19.6","13.5","27.6","22.7","12.7","16.9","-",**,"-",**,"100.0","100.0","8.0","18.2","15.1","30.2","2.3","5.3","30.2","28.5","39.3","53.6","0.0","40.5",(X),(X),"0.0","11.7","2.9","7.8","57.5","30.9","4.3","2.8",,"36081037600",4.5,0.116922733532016,0.0176017604198217,Retention Street,1052440.88420541,189961.541797408
24,"612","4",Queens,"061200","4061200",I,Cambria Heights,QN1304,QN13,QN13 Queens Village-Bellerose-Rosedale (CD 13 Approximation),"36081061200","4413",7123.41301017,2830128.11525,448,"36081061200","Census Tract 612; Queens County; New York","1839","524","171","101","10","16","161","100","171","101","1108","414","402","153","706","359","677","169","560","145","750","259","1089","307","7","11","1580","495","0","14","44","54","0","14","58","62","150","161","39","28","7","11","1511","435","79","45","524","324","307","95","601","189","967","339","872","309","290","120","582","240","95","91","42","41","53","72","1687","458","727","290","204","90","756","206","59","46","116","92","116","92","127","94","127","94","404","203","650","291","802","311","99","81","36","30","63","56","0","14","0","14","16","24","0","14","0","14","26","37","20","15","17","17","20","22","10892","1496","26","23","29","42","44","29","1839","524","73","63","0","14","0","14","0","14","0","14","36","43","16","24","20","21","44","29","37","24","29","27","44","39","0","14","73","63","0","14","0","14","0","14","0","14","0","14","0","14","0","14","57","42","0","14","31","24","26","23","0","14","16","24","0","14","0","14","0","14","16","24","16","24","0","14","73","63","0","14","29","42","44","29",(X),(X),(X),(X),(X),(X),(X),(X),(X),(X),(X),(X),(X),(X),(X),(X),"73","63","29","27","44","39","0","14","0","14","16","24","0","14","0","14","13","18","7","11","17","17","20","22",(X),(X),"0","14","29","42","44","29","73","63","4.0","3.4","0.0","21.8","0.0","100.0","0.0","22.9","0.0","21.8","3.2","3.8","4.0","5.8","2.8","3.1","6.5","4.6","6.6","4.6","3.9","3.7","4.0","3.5","0.0","100.0","4.6","4.2","-",**,"0.0","51.1","-",**,"0.0","44.5","0.0","24.3","0.0","54.3","0.0","100.0","3.8","2.9","0.0","38.2","5.9","6.3","8.5","7.4","0.0","6.8","1.7","2.4","0.0","4.8","0.0","13.6","0.0","7.0","16.8","22.8","38.1","48.6","0.0","46.6","4.3","3.7","0.0","5.7","14.2","16.9","5.8","4.0",(X),(X),(X),(X),(X),(X),(X),(X),(X),(X),(X),(X),(X),(X),(X),(X),"73.7","16.4","80.6","28.5","69.8","18.7","-",**,"-",**,"100.0","84.8","-",**,"-",**,"50.0","6.0","35.0","49.4","100.0","82.2","100.0","75.8",(X),(X),"0.0","66.5","100.0","63.0","100.0","51.1","4.0","3.4",,"36081061200",4,0.111171025608232,0.0132596111312287,Retention Street,1057264.37845966,190146.425960645
25,"622","4",Queens,"062200","4062200",I,Cambria Heights,QN1304,QN13,QN13 Queens Village-Bellerose-Rosedale (CD 13 Approximation),"36081062200","4413",10231.0005494,4707833.0055,458,"36081062200","Census Tract 622; Queens County; New York","2069","438","279","213","8","12","271","212","279","213","1190","300","383","133","807","217","793","117","600","103","731","189","1338","314","111","168","1823","399","0","14","0","14","0","14","34","55","101","86","96","85","111","168","1654","251","83","45","308","74","687","218","576","122","1163","309","1060","291","392","163","668","184","103","62","50","50","53","43","1838","296","781","230","363","175","694","97","113","60","172","81","172","81","201","87","201","87","324","118","802","317","1146","345","190","67","60","39","130","61","0","14","0","14","29","34","6","13","0","14","8","12","46","34","43","28","58","44",N,N,"59","40","39","35","92","52","2069","438","172","81","0","14","0","14","0","14","0","14","63","41","29","34","34","23","116","78","109","76","67","42","105","52","0","14","166","79","0","14","0","14","0","14","0","14","6","10","13","20","0","14","143","82","0","14","39","32","39","29","65","69","49","45","29","34","7","10","22","34","20","31","0","14","20","31","172","81","7","10","42","44","123","60",(X),(X),(X),(X),(X),(X),(X),(X),(X),(X),(X),(X),(X),(X),(X),(X),"56","42","19","22","37","36","0","14","0","14","29","34","0","14","0","14","8","12","7","10","0","14","12","19",(X),(X),"7","10","20","31","29","26","172","81","8.3","4.3","0.0","14.1","0.0","100.0","0.0","14.5","0.0","14.1","5.3","3.4","7.6","8.6","4.2","2.9","14.6","9.3","18.2","12.0","9.2","6.1","7.8","4.3","0.0","30.8","9.1","4.7","-",**,"-",**,"-",**,"0.0","58.2","5.9","13.1","13.5","25.8","0.0","30.8","8.6","5.1","0.0","37.2","12.7","9.5","5.7","4.6","11.3","11.8","4.2","3.9","2.7","3.3","1.8","2.5","3.3","5.3","19.4","28.1","0.0","48.0","37.7","48.1","9.4","4.6","0.9","1.3","11.6","12.5","17.7","8.2",(X),(X),(X),(X),(X),(X),(X),(X),(X),(X),(X),(X),(X),(X),(X),(X),"29.5","18.0","31.7","26.5","28.5","23.0","-",**,"-",**,"100.0","63.0","0.0","100.0","-",**,"100.0","100.0","15.2","23.5","0.0","51.7","20.7","28.4",(X),(X),"11.9","17.7","51.3","51.3","31.5","23.2","8.3","4.3",,"36081062200",8.3,0.114367148397066,0.0275792663596838,Retention Street,1059435.49244566,191488.063875291
26,"426","4",Queens,"042600","4042600",I,St. Albans,QN1205,QN12,QN12 Jamaica-St. Albans-Hollis (CD 12 Approximation),"36081042600","4412",10025.4692522,5575019.578,308,"36081042600","Census Tract 426; Queens County; New York","152","7","0","14","0","14","0","14","0","14","109","74","5","16","104","80","51","63","43","74","133","39","19","40","57","66","43","21","0","14","8","13","0","14","0","14","44","44","36","32","57","66","152","7","72","42","43","43","37","46","0","14","31","39","16","26","16","26","0","14","15","19","15","19","0","14","152","7","8","13","16","26","128","40","81","38","136","28","144","16","144","16","144","16","152","7","152","7","152","7","152","7","133","39","19","40","0","14","0","14","0","14","5","16","44","28","36","31","24","39","43","74","0","14",N,N,"8","13","16","26","128","40","0","14","101","42","0","14","0","14","0","14","0","14","81","58","0","14","81","58","20","47","20","47","87","49","14","31","34","42","43","21","0","14","0","14","0","14","0","14","24","39","16","26","34","42","101","42","57","41","30","35","14","18","0","14","8","13","0","14","0","14","0","14","8","13","8","13","0","14","101","42","0","14","8","13","93","39",(X),(X),(X),(X),(X),(X),(X),(X),(X),(X),(X),(X),(X),(X),(X),(X),"101","42","87","49","14","31","0","14","0","14","0","14","0","14","29","20","36","31","16","26","20","47","0","14",(X),(X),"0","14","8","13","93","39","0","14","66.4","27.5","-",**,"-",**,"-",**,"-",**,"74.3","15.0","0.0","100.0","77.9","21.3","39.2","60.8","46.5","53.5","65.4","32.4","73.7","67.0","59.6","59.6","100.0","51.7","-",**,"0.0","100.0","-",**,"-",**,"54.5","54.5","44.4","55.6","59.6","59.6","66.4","27.5","79.2","25.1","69.8","39.4","37.8","62.2","-",**,"25.8","29.6","0.0","84.8","0.0","84.8","-",**,"53.3","53.3","53.3","53.3","-",**,"66.4","27.5","0.0","100.0","50.0","22.5","72.7","37.2",(X),(X),(X),(X),(X),(X),(X),(X),(X),(X),(X),(X),(X),(X),(X),(X),"66.4","27.5","65.4","32.4","73.7","67.0","-",**,"-",**,"-",**,"0.0","100.0","65.9","38.0","100.0","56.5","66.7","9.8","46.5","53.5","-",**,(X),(X),"0.0","100.0","50.0","22.5","72.7","37.2","-",**,,"36081042600",66.4,0.363520692919487,0.016552265756984,Blue-Green Street,1047973.90919352,190326.171671508
27,"530","4",Queens,"053000","4053000",I,St. Albans,QN1205,QN12,QN12 Jamaica-St. Albans-Hollis (CD 12 Approximation),"36081053000","4412",6368.35229778,2477580.98053,389,"36081053000","Census Tract 530; Queens County; New York","2510","543","519","252","172","105","347","172","519","252","1637","343","617","224","1020","216","519","119","354","84","1258","287","1252","310","14","22","2119","569","54","80","9","14","0","14","237","175","77","68","220","132","14","22","1790","303","210","103","617","152","648","203","315","116","1154","270","1105","272","578","168","527","145","49","37","5","10","44","35","2029","345","878","211","391","143","760","164","129","121","253","138","253","138","270","143","285","145","1232","493","1620","491","1797","484","346","104","152","66","194","71","0","14","0","14","5","7","75","61","42","37","64","57","73","51","33","26","54","33","7038","2221","170","111","22","27","154","75","2510","543","220","129","29","32","15","23","14","23","29","32","136","84","42","33","94","78","96","73","55","37","142","94","78","53","0","14","190","127","0","14","9","14","0","14","21","27","0","14","21","31","0","14","186","111","91","93","41","36","45","49","9","10","26","26","26","26","20","25","6","8","0","14","0","14","0","14","205","129","20","25","18","20","167","115",(X),(X),(X),(X),(X),(X),(X),(X),(X),(X),(X),(X),(X),(X),(X),(X),"100","57","62","51","38","26","0","14","0","14","5","7","14","16","0","14","0","14","51","44","15","13","15","23",(X),(X),"20","25","0","14","80","54","220","129","8.8","5.6","5.6","6.5","8.7","13.3","4.0","6.9","5.6","6.5","8.3","5.6","6.8","5.8","9.2","7.7","18.5","12.5","15.5","10.1","11.3","7.9","6.2","4.6","0.0","90.6","9.0","6.3","0.0","46.1","100.0","100.0","-",**,"8.9","13.3","0.0","38.6","9.5","15.0","0.0","90.6","10.4","6.6","43.3","28.9","6.6","5.9","6.9","7.8","2.9","3.3","2.3","2.3","2.4","2.4","3.5","4.4","1.1","1.6","0.0","48.4","0.0","100.0","0.0","51.1","10.1","6.7","2.3","2.8","4.6","5.5","22.0","14.0",(X),(X),(X),(X),(X),(X),(X),(X),(X),(X),(X),(X),(X),(X),(X),(X),"28.9","18.0","40.8","31.3","19.6","14.4","-",**,"-",**,"100.0","100.0","18.7","34.0","0.0","52.3","0.0","42.4","69.9","22.6","45.5","35.8","27.8","37.2",(X),(X),"11.8","17.7","0.0","72.3","51.9","19.8","8.8","5.6",,"36081053000",8.8,0.144134553790627,0.00978677146408764,Retention Street,1052869.47939121,193068.170611358
28,"352","4",Queens,"035200","4035200",I,St. Albans,QN1205,QN12,QN12 Jamaica-St. Albans-Hollis (CD 12 Approximation),"36081035200","4412",13006.7667917,6514364.15788,265,"36081035200","Census Tract 352; Queens County; New York","2828","492","462","152","65","55","397","140","462","152","1895","348","756","205","1139","259","824","328","471","245","1277","195","1551","368","32","3","2007","470","48","67","30","26","0","14","619","369","92","67","331","217","32","3","2074","402","204","89","485","146","940","338","445","138","1367","215","1246","211","556","104","690","170","121","59","64","39","57","49","2404","440","980","237","410","125","1014","320","130","83","282","162","403","215","418","215","558","198","1017","241","1652","435","2101","512","356","112","120","73","236","98","0","14","0","14","0","14","38","43","36","34","70","54","112","64","27","27","73","53","11751","2140","103","62","19","25","234","103","2796","493","274","160","27","41","0","14","27","41","27","41","190","123","28","33","162","101","89","58","57","48","135","95","139","94","17","11","257","159","0","14","0","14","0","14","0","14","0","14","0","14","17","11","228","111","34","27","98","74","96","58","0","14","87","82","28","42","27","41","1","12","59","49","24","30","35","41","247","129","0","14","50","75","197","93",(X),(X),(X),(X),(X),(X),(X),(X),(X),(X),(X),(X),(X),(X),(X),(X),"166","93","81","64","85","73","0","14","0","14","0","14","1","12","17","18","64","52","32","33","10","16","42","44",(X),(X),"0","14","1","12","165","92","257","159","9.7","5.7","5.8","8.4","0.0","42.1","6.8","9.3","5.8","8.4","10.0","6.8","3.7","4.9","14.2","8.9","10.8","7.8","12.1","11.2","10.6","7.8","9.0","5.7","53.1","33.8","12.8","7.3","0.0","48.9","0.0","61.9","-",**,"0.0","6.6","0.0","35.0","0.0","12.0","53.1","33.8","11.0","5.6","16.7","14.8","20.2","13.9","10.2","6.7","0.0","9.1","6.4","6.3","2.2","3.6","4.9","7.8","0.1","1.8","48.8","26.9","37.5","34.8","61.4","38.4","10.3","5.6","0.0","4.2","12.2","16.1","19.4","9.2",(X),(X),(X),(X),(X),(X),(X),(X),(X),(X),(X),(X),(X),(X),(X),(X),"46.6","19.0","67.5","26.7","36.0","23.4","-",**,"-",**,"-",**,"2.6","35.3","47.2","46.0","91.4","19.7","28.6","27.5","37.0","43.1","57.5","42.6",(X),(X),"0.0","32.4","5.3","58.1","70.5","19.6","9.2","5.8",,"36081035200",9.7,0.173421529304171,0.0277359213215055,Retention Street,1051480.66758829,186921.280952991
29,"198","4",Queens,"019800","4019800",E,South Jamaica,QN1202,QN12,QN12 Jamaica-St. Albans-Hollis (CD 12 Approximation),"36081019800","4412",6901.8555399,2231765.01948,165,"36081019800","Census Tract 198; Queens County; New York","3144","473","758","207","231","114","527","188","758","207","2214","339","893","191","1321","273","479","209","172","117","1700","309","1444","271","51","80","1021","434","0","14","1158","449","0","14","819","416","95","141","680","352","0","14","2176","318","510","187","672","225","651","193","343","138","1653","275","1358","266","876","161","482","164","295","156","142","116","153","91","2426","354","900","233","584","176","942","227","123","198","281","229","462","287","730","337","820","338","1866","460","2739","459","2852","470","307","212","242","202","65","65","0","14","0","14","0","14","66","72","44","56","29","48","123","118","32","48","13","22",N,N,"84","87","82","81","141","122","3144","473","281","229","119","150","45","72","74","86","119","150","162","114","84","73","78","72","15","24","0","14","84","86","197","152","0","14","55","64","0","14","35","60","0","14","103","97","88","142","191","211","0","14","138","97","78","72","35","56","25","39","0","14","123","88","64","65","0","14","64","65","59","63","11","18","48","59","162","114","0","14","75","69","87","84",(X),(X),(X),(X),(X),(X),(X),(X),(X),(X),(X),(X),(X),(X),(X),(X),"52","62","0","14","52","62","0","14","0","14","0","14","25","39","0","14","0","14","27","46","0","14","0","14",(X),(X),"0","14","52","62","0","14","281","229","8.9","7.2","15.7","18.4","19.5","28.6","14.0","15.6","15.7","18.4","7.3","5.3","9.4","8.3","5.9","5.5","3.1","5.4","0.0","21.7","4.9","5.2","13.6","9.7","0.0","47.5","5.4","6.6","-",**,"3.0","5.3","-",**,"12.6","12.6","92.6","25.7","28.1","25.5","-",**,"6.3","4.7","15.3","14.0","5.2","8.5","3.8","6.0","0.0","11.6","7.4","5.6","4.7","4.7","0.0","4.7","13.3","12.1","20.0","21.0","7.7","15.2","31.4","34.8","6.7","4.9","0.0","4.6","12.8","11.6","9.2","8.6",(X),(X),(X),(X),(X),(X),(X),(X),(X),(X),(X),(X),(X),(X),(X),(X),"16.9","22.1","0.0","16.0","80.0","37.0","-",**,"-",**,"-",**,"37.9","59.8","0.0","51.1","0.0","63.0","22.0","41.9","0.0","59.9","0.0","94.1",(X),(X),"0.0","36.9","63.4","46.2","0.0","25.6","8.9","7.2",,"36081019800",8.9,0.14331137763477,0.0180449913445529,Retention Street,1038933.83591098,191395.418260746
30,"656","4",Queens,"065600","4065600",I,Rosedale,QN1307,QN13,QN13 Queens Village-Bellerose-Rosedale (CD 13 Approximation),"36081065600","4413",17210.6283506,6346461.90621,481,"36081065600","Census Tract 656; Queens County; New York","5282","851","1049","385","402","223","647","280","1010","386","3229","527","1285","334","1944","380","1390","347","1004","281","2500","476","2782","555","386","388","4359","809","0","19","33","50","0","19","118","115","386","232","300","221","385","388","3935","658","372","195","759","307","1036","316","1768","377","3084","546","2926","524","1451","305","1475","410","158","115","53","51","105","103","4361","664","2314","501","837","243","1210","284","350","254","529","327","572","333","631","342","1264","607","1597","554","2147","669","2971","826","497","212","226","139","271","164","19","30","20","31","0","19","18","26","110","108","35","56","182","131","36","53","77","68","13473","2254","214","138","89","104","194","127","5272","851","353","255","95","92","0","19","95","92","56","68","193","170","43","50","150","125","65","59","65","59","180","135","173","138","37","56","316","246","0","19","0","19","0","19","0","19","0","19","1","3","36","56","215","141","20","28","79","70","81","79","35","53","130","117","83","107","36","55","47","55","47","41","0","19","47","41","292","192","36","55","61","57","195","118",(X),(X),(X),(X),(X),(X),(X),(X),(X),(X),(X),(X),(X),(X),(X),(X),"130","117","88","82","42","59","19","30","20","31","0","19","0","19","19","28","34","56","0","19","36","53","2","4",(X),(X),"0","19","0","19","130","117","350","254","6.7","4.8","9.1","8.6","0.0","10.0","14.7","14.2","5.5","6.7","6.0","5.1","3.3","3.9","7.7","6.5","4.7","4.0","6.5","5.8","7.2","5.2","6.2","5.0","9.6","7.0","7.2","5.7","-",**,"0.0","59.0","-",**,"0.0","29.4","0.0","10.4","0.3","1.2","9.4","7.3","5.5","3.6","5.4","8.0","10.4","10.6","7.8","7.1","2.0","3.0","4.2","3.8","2.8","3.7","2.5","3.9","3.2","3.8","29.7","27.5","0.0","46.6","44.8","49.6","6.7","4.4","1.6","2.3","7.3","7.4","16.1","9.9",(X),(X),(X),(X),(X),(X),(X),(X),(X),(X),(X),(X),(X),(X),(X),(X),"26.2","19.4","38.9","31.9","15.5","19.4","100.0","77.8","100.0","75.8","-",**,"0.0","79.9","17.3","24.2","97.1","22.1","0.0","20.6","100.0","56.5","2.6","5.3",(X),(X),"0.0","17.9","0.0","35.7","67.0","27.6","6.6","4.7",,"36081065600",6.7,0.157399250657234,0.0274599144725745,Retention Street,1059278.04963866,179790.019197335
31,"424","4",Queens,"042400","4042400",I,St. Albans,QN1205,QN12,QN12 Jamaica-St. Albans-Hollis (CD 12 Approximation),"36081042400","4412",10747.3993465,5544421.06259,307,"36081042400","Census Tract 424; Queens County; New York","2637","414","394","141","76","67","318","141","394","141","1845","372","486","167","1359","312","606","124","398","80","1159","221","1478","241","37","38","2147","429","0","14","0","14","0","14","139","101","314","143","251","153","37","38","1974","329","118","67","751","266","642","137","463","112","1436","301","1349","311","605","158","744","182","87","58","45","27","42","35","2342","390","1072","288","360","143","910","192","22","22","47","34","68","52","314","209","353","214","999","332","1260","346","1667","435","374","228","131","109","243","140","0","14","0","14","7","11","7","11","59","91","138","165","41","54","32","30","90","68",N,N,"153","140","7","11","214","119","2634","414","46","35","0","14","0","14","0","14","0","14","38","32","7","11","31","31","24","28","8","12","18","26","28","25","0","14","46","35","0","14","0","14","0","14","0","14","0","14","0","14","0","14","39","33","8","12","31","31","0","14","0","14","20","22","7","11","0","14","7","11","13","19","0","14","13","19","46","35","0","14","7","11","39","33",(X),(X),(X),(X),(X),(X),(X),(X),(X),(X),(X),(X),(X),(X),(X),(X),"46","35","18","26","28","25","0","14","0","14","7","11","0","14","0","14","15","19","16","26","8","12","0","14",(X),(X),"0","14","7","11","39","33","44","34","1.7","1.4","0.0","10.2","0.0","38.9","0.0","12.5","0.0","10.2","2.1","1.9","1.4","2.4","2.3","2.5","4.0","4.5","2.0","2.9","1.6","2.3","1.9","1.8","0.0","55.8","2.1","1.8","-",**,"-",**,"-",**,"0.0","25.9","0.0","12.6","0.0","15.5","0.0","55.8","2.0","1.8","6.8","10.1","4.1","4.7","0.0","6.4","0.0","8.8","1.4","1.6","0.5","0.8","0.0","6.8","0.9","1.5","14.9","20.8","0.0","50.6","31.0","38.8","2.0","1.6","0.0","3.9","1.9","3.2","4.3","3.7",(X),(X),(X),(X),(X),(X),(X),(X),(X),(X),(X),(X),(X),(X),(X),(X),"12.3","13.4","13.7","27.9","11.5","13.4","-",**,"-",**,"100.0","100.0","0.0","100.0","0.0","44.2","10.9","24.8","39.0","24.8","25.0","37.1","0.0","35.4",(X),(X),"0.0","23.9","100.0","100.0","18.2","17.0","1.7","1.4",,"36081042400",1.7,0.108086291606073,0.0199263175623118,Retention Street,1047400.23270004,192705.969424659
32,"398","4",Queens,"039800","4039800",I,St. Albans,QN1205,QN12,QN12 Jamaica-St. Albans-Hollis (CD 12 Approximation),"36081039800","4412",6710.37596553,2161239.82406,287,"36081039800","Census Tract 398; Queens County; New York","1463","330","249","125","20","26","229","123","249","125","939","229","324","127","615","124","395","74","275","55","592","178","871","190","16","19","1314","339","0","14","54","87","0","14","34","29","45","59","106","98","16","19","1112","201","102","58","195","82","354","126","461","136","893","222","825","220","329","152","496","121","68","65","52","39","16","34","1240","245","654","176","255","87","331","72","125","103","143","106","144","105","197","109","197","109","597","181","938","224","968","226","206","79","71","52","135","58","0","14","0","14","0","14","42","44","59","45","0","14","63","56","13","13","29","34",N,N,"124","70","30","28","52","31","1453","330","141","106","42","39","0","14","42","39","42","39","62","42","19","23","43","35","37","30","37","30","42","31","99","77","1","4","140","106","0","14","0","14","0","14","0","14","0","14","0","14","1","4","99","69","4","6","8","7","18","23","69","63","87","68","55","41","4","6","51","41","32","29","32","29","0","14","99","69","14","22","41","34","44","31",(X),(X),(X),(X),(X),(X),(X),(X),(X),(X),(X),(X),(X),(X),(X),(X),"22","23","6","7","16","23","0","14","0","14","0","14","15","22","2","4","0","14","4","6","1","4","0","14",(X),(X),"14","22","0","14","8","7","137","106","9.6","6.8","16.9","16.9","0.0","75.8","18.3","19.4","16.9","16.9","6.6","3.9","5.9","6.0","7.0","5.4","9.4","8.1","13.5","11.6","7.1","5.5","11.4","8.0","6.3","29.7","10.7","7.6","-",**,"0.0","46.1","-",**,"0.0","58.2","0.0","50.6","0.0","31.8","6.3","29.7","8.9","5.8","3.9","6.8","4.1","3.8","5.1","6.2","15.0","12.7","9.7","6.7","6.7","4.6","1.2","1.8","10.3","7.4","47.1","27.4","61.5","35.1","0.0","84.8","8.0","5.2","2.1","2.9","16.1","14.4","13.3","9.4",(X),(X),(X),(X),(X),(X),(X),(X),(X),(X),(X),(X),(X),(X),(X),(X),"10.7","10.5","8.5","11.9","11.9","15.7","-",**,"-",**,"-",**,"35.7","49.2","3.4","7.4","-",**,"6.3","10.5","7.7","26.2","0.0","63.0",(X),(X),"11.3","15.8","0.0","61.9","15.4","16.5","9.4","6.9",,"36081039800",9.6,0.133819619111816,0.0125818734740223,Retention Street,1049469.28961539,192412.913608797
33,"264","4",Queens,"026400","4026400",E,South Jamaica,QN1202,QN12,QN12 Jamaica-St. Albans-Hollis (CD 12 Approximation),"36081026400","4412",8552.61839634,2739605.46011,208,"36081026400","Census Tract 264; Queens County; New York","2454","439","569","219","155","88","414","180","569","219","1418","297","498","127","920","231","545","108","467","93","1266","245","1188","239","5","9","1463","368","0","14","191","135","0","14","571","281","224","141","529","264","5","9","1683","276","305","126","442","129","513","141","423","131","1161","236","1151","235","624","149","527","149","10","11","4","6","6","8","1932","302","737","194","502","150","693","140","110","59","325","111","368","117","499","149","526","147","813","228","1214","260","1682","346","397","104","188","74","209","69","0","14","0","14","0","14","33","37","58","40","12","18","63","39","61","43","170","60","9121","2153","93","49","19","17","285","88","2454","439","240","100","15","24","15","24","0","14","15","24","120","82","11","17","109","70","129","53","105","48","97","70","143","56","0","14","137","69","0","14","5","8","0","14","43","37","55","86","59","44","0","14","214","75","86","44","45","29","83","59","0","14","21","26","21","26","16","25","5","8","0","14","0","14","0","14","225","84","7","11","21","26","197","72",(X),(X),(X),(X),(X),(X),(X),(X),(X),(X),(X),(X),(X),(X),(X),(X),"185","69","70","55","115","48","0","14","0","14","0","14","0","14","26","28","7","11","47","38","7","11","98","47",(X),(X),"7","11","5","8","173","68","240","100","9.8","4.4","2.6","4.2","9.7","15.3","0.0","9.7","2.6","4.2","8.5","5.6","2.2","3.5","11.8","7.5","23.7","10.0","22.5","10.0","7.7","5.6","12.0","4.9","0.0","100.0","9.4","5.1","-",**,"2.6","4.4","-",**,"7.5","6.4","24.6","32.0","11.2","9.1","0.0","100.0","12.7","4.9","28.2","14.9","10.2","6.5","16.2","11.1","0.0","9.6","1.8","2.2","1.8","2.3","2.6","4.0","0.9","1.5","0.0","100.0","0.0","100.0","0.0","100.0","11.6","4.6","0.9","1.6","4.2","5.2","28.4","10.2",(X),(X),(X),(X),(X),(X),(X),(X),(X),(X),(X),(X),(X),(X),(X),(X),"46.6","14.6","37.2","23.2","55.0","18.2","-",**,"-",**,"-",**,"0.0","59.0","44.8","34.6","58.3","43.5","74.6","26.6","11.5","15.8","57.6","20.9",(X),(X),"7.5","11.9","26.3","41.7","60.7","18.4","9.8","4.4",,"36081026400",9.8,0.170147588716558,0.033852199600983,Cloudburst Road,1043652.81846832,191547.486612107
34,"654.01","4",Queens,"065401","4065401",I,Rosedale,QN1307,QN13,QN13 Queens Village-Bellerose-Rosedale (CD 13 Approximation),"36081065401","4413",11723.5231447,4637075.5242,478,"36081065401","Census Tract 654.01; Queens County; New York","3085","469","645","249","115","61","530","232","645","249","1862","286","695","211","1167","182","750","235","578","219","1519","326","1566","262","88","56","2109","439","0","14","62","72","0","14","226","216","600","361","361","271","88","56","2228","326","184","120","492","145","865","249","687","191","1655","239","1603","238","817","200","786","191","52","37","45","35","7","11","2572","369","1174","193","544","161","854","264","64","79","394","307","456","316","510","313","510","313","1086","422","1649","486","1973","501","420","181","180","101","240","132","0","14","0","14","17","24","89","99","123","88","32","36","40","34","64","34","55","41",N,N,"197","121","88","46","135","78","3085","469","394","307","145","163","0","14","145","163","145","163","207","157","89","69","118","96","42","38","42","38","187","169","207","146","30","34","78","87","0","14","0","14","0","14","0","14","286","295","175","241","30","34","215","138","66","95","109","86","28","31","12","20","122","103","111","103","72","71","39","45","11","17","11","17","0","14","295","228","40","44","71","93","184","133",(X),(X),(X),(X),(X),(X),(X),(X),(X),(X),(X),(X),(X),(X),(X),(X),"117","100","38","53","79","65","0","14","0","14","17","24","9","13","40","45","21","30","0","14","0","14","30","34",(X),(X),"23","36","17","24","77","66","394","307","12.8","9.2","22.5","22.8","0.0","30.0","27.4","27.2","22.5","22.8","11.1","7.8","12.8","9.6","10.1","7.7","5.6","5.5","7.3","7.2","12.3","10.0","13.2","9.2","34.1","32.6","3.7","4.1","-",**,"0.0","43.1","-",**,"0.0","17.1","47.7","28.2","48.5","40.9","34.1","32.6","9.6","5.9","35.9","35.9","22.2","15.2","3.2","3.7","1.7","2.9","7.4","6.1","6.9","6.3","8.8","8.1","5.0","6.0","21.2","31.1","24.4","36.0","0.0","100.0","11.5","8.1","3.4","3.9","13.1","15.0","21.5","14.2",(X),(X),(X),(X),(X),(X),(X),(X),(X),(X),(X),(X),(X),(X),(X),(X),"27.9","18.5","21.1","23.9","32.9","23.5","-",**,"-",**,"100.0","82.2","10.1","8.3","32.5","37.5","65.6","50.8","0.0","53.6","0.0","42.4","54.5","46.1",(X),(X),"11.7","20.7","19.3","24.2","57.0","26.7","12.8","9.2",,"36081065401",12.8,0.168109162829206,0.0284201814197211,Retention Street,1057062.63299814,180943.888235622
35,"212","4",Queens,"021200","4021200",I,Jamaica,QN1201,QN12,QN12 Jamaica-St. Albans-Hollis (CD 12 Approximation),"36081021200","4412",8424.57993389,2578516.65277,174,"36081021200","Census Tract 212; Queens County; New York","2416","463","516","198","76","62","440","186","510","196","1462","292","463","96","999","269","641","246","438","224","1285","314","1131","230","152","123","160","81","0","14","363","192","0","14","1687","487","54","40","1374","419","123","117","1707","380","780","308","336","112","242","84","349","227","1242","365","1130","354","744","279","386","122","112","61","60","47","52","33","2027","444","843","338","330","122","854","169","420","215","690","265","939","313","1074","321","1099","328","1588","370","1724","350","1776","350","519","157","266","131","253","79","0","14","6","9","31","22","112","67","105","53","38","50","117","77","86","49","24","30","10944","2686","130","77","83","55","306","98","2260","451","557","227","198","152","36","39","162","131","192","151","292","101","122","54","170","79","67","49","67","49","229","126","328","126","37","44","60","35","0","14","13","14","0","14","427","224","20","28","411","191","8","15","328","111","143","89","82","51","65","49","38","34","97","55","84","50","57","41","27","32","13","15","0","14","13","15","381","121","19","27","86","56","276","90",(X),(X),(X),(X),(X),(X),(X),(X),(X),(X),(X),(X),(X),(X),(X),(X),"231","79","67","49","164","67","0","14","6","9","31","22","64","45","35","27","0","14","45","40","32","32","18","29",(X),(X),"0","14","26","22","205","76","472","227","23.1","9.8","38.4","24.5","47.4","41.8","36.8","26.5","37.6","24.7","20.0","8.0","26.3","11.5","17.0","9.0","10.5","8.7","15.3","14.7","17.8","10.6","29.0","11.3","24.3","32.1","37.5","27.9","-",**,"3.6","3.9","-",**,"25.3","14.2","37.0","45.6","29.9","14.5","6.5","16.2","19.2","8.1","18.3","13.5","24.4","15.3","26.9","18.6","10.9","11.6","7.8","5.1","7.4","5.1","7.7","6.6","7.0","8.8","11.6","14.6","0.0","43.8","25.0","31.1","18.8","7.5","2.3","3.4","26.1","15.9","32.3","10.6",(X),(X),(X),(X),(X),(X),(X),(X),(X),(X),(X),(X),(X),(X),(X),(X),"44.5","17.5","25.2","17.5","64.8","19.2","-",**,"100.0","100.0","100.0","60.9","57.1","32.5","33.3","23.3","0.0","55.0","38.5","42.4","37.2","33.8","75.0","50.5",(X),(X),"0.0","27.3","31.3","28.7","67.0","22.1","20.9","10.3",,"36081021200",23.1,0.222410644260394,0.018485159416013,Retention Street,1036482.47473537,194690.430790876
36,"516","4",Queens,"051600","4051600",I,Queens Village,QN1303,QN13,QN13 Queens Village-Bellerose-Rosedale (CD 13 Approximation),"36081051600","4413",7039.68124806,1976764.04574,379,"36081051600","Census Tract 516; Queens County; New York","2161","528","392","238","147","122","245","161","382","238","1417","381","584","226","833","229","491","141","352","96","1016","353","1145","253","242","350","1346","325","0","14","27","30","0","14","183","139","363","134","473","304","80","114","1523","289","238","150","400","116","558","175","327","116","1184","300","1046","303","422","188","624","164","138","93","50","40","88","85","1859","427","737","155","469","235","653","170","49","35","201","142","223","141","345","216","491","255","1040","493","1223","493","1552","525","188","110","59","47","129","99","0","14","10","15","13","18","31","32","54","58","27","34","32","34","10","14","11","16","10388","3541","20","24","104","101","64","45","2161","528","201","142","16","16","0","14","16","16","6","8","185","141","78","92","107","73","0","14","0","14","56","39","145","134","0","14","166","134","0","14","18","25","0","14","7","10","10","15","13","18","0","14","145","106","0","14","68","54","61","52","16","16","130","101","58","60","23","28","35","36","72","87","17","28","55","82","201","142","6","9","118","97","77","59",(X),(X),(X),(X),(X),(X),(X),(X),(X),(X),(X),(X),(X),(X),(X),(X),"66","45","33","33","33","30","0","14","10","15","13","18","10","15","16","25","17","28","0","14","0","14","0","14",(X),(X),"0","14","23","26","43","35","201","142","9.3","6.8","4.1","4.6","0.0","24.7","6.5","7.5","1.6","2.4","13.1","9.8","13.4","14.4","12.8","9.5","0.0","8.3","0.0","11.4","5.5","4.5","12.7","10.9","0.0","16.0","12.3","9.5","-",**,"66.7","51.8","-",**,"3.8","6.2","2.8","4.1","2.7","4.5","0.0","37.9","9.5","6.9","0.0","16.3","17.0","13.5","10.9","8.9","4.9","5.0","11.0","8.6","5.5","5.7","5.5","7.1","5.6","5.8","52.2","40.5","34.0","44.0","62.5","55.7","10.8","7.7","0.8","1.3","25.2","20.3","11.8","9.3",(X),(X),(X),(X),(X),(X),(X),(X),(X),(X),(X),(X),(X),(X),(X),(X),"35.1","25.1","55.9","37.4","25.6","28.4","-",**,"100.0","100.0","100.0","94.1","32.3","50.5","29.6","30.2","63.0","59.4","0.0","59.9","0.0","100.0","0.0","100.0",(X),(X),"0.0","75.8","22.1","28.6","67.2","28.7","9.3","6.8",,"36081051600",9.3,0.146479248204221,0.0109736085987274,Retention Street,1054323.39214687,195398.591866491
37,"266","4",Queens,"026600","4026600",E,South Jamaica,QN1202,QN12,QN12 Jamaica-St. Albans-Hollis (CD 12 Approximation),"36081026600","4412",6384.49063748,1861807.70934,211,"36081026600","Census Tract 266; Queens County; New York","1916","418","268","159","90","87","178","114","265","160","1102","371","496","234","606","177","692","138","546","125","872","258","1044","238","13","16","1358","425","0","14","261","133","0","14","151","151","133","107","160","153","3","6","1550","329","280","102","513","199","459","177","298","123","921","283","869","274","387","162","482","194","52","38","42","36","10","11","1671","353","656","220","246","127","769","154","203","96","447","127","515","139","584","165","601","162","906","243","1199","273","1462","329","426","114","191","86","235","75","3","6","0","14","2","6","96","94","0","14","38","35","80","54","60","36","147","63","7902","2110","89","43","18","19","319","91","1904","417","424","128","26","34","23","33","3","6","23","33","191","90","94","74","97","57","269","110","207","97","222","81","202","80","3","6","238","92","0","14","94","72","0","14","53","62","36","43","47","61","3","6","384","120","142","81","142","67","59","42","41","37","52","41","17","25","0","14","17","25","35","33","35","33","0","14","398","121","0","14","20","26","378","121",(X),(X),(X),(X),(X),(X),(X),(X),(X),(X),(X),(X),(X),(X),(X),(X),"245","88","140","65","105","56","3","6","0","14","0","14","63","70","0","14","6","8","51","38","18","20","104","47",(X),(X),"0","14","3","6","242","88","416","128","22.1","8.2","9.7","13.4","25.6","40.7","1.7","3.7","8.7","13.0","17.3","8.3","19.0","13.3","16.0","9.9","38.9","14.1","37.9","15.1","25.5","11.0","19.3","8.5","23.1","53.1","17.5","7.7","-",**,"36.0","33.3","-",**,"35.1","17.5","27.1","33.1","29.4","18.2","100.0","100.0","24.8","9.3","50.7","21.9","27.7","13.2","12.9","9.4","13.8","11.6","5.6","4.4","2.0","3.0","0.0","10.4","3.5","5.5","67.3","31.8","83.3","29.0","0.0","100.0","23.8","8.9","0.0","6.3","8.1","11.4","49.2","14.8",(X),(X),(X),(X),(X),(X),(X),(X),(X),(X),(X),(X),(X),(X),(X),(X),"57.5","11.6","73.3","14.6","44.7","17.3","100.0","100.0","-",**,"0.0","100.0","65.6","22.8","-",**,"15.8","23.0","63.8","33.4","30.0","30.2","70.7","18.2",(X),(X),"0.0","35.7","16.7","41.6","75.9","13.0","21.8","8.2",,"36081026600",22.1,0.197678500109634,0.0184265528720317,Retention Street,1044789.08498365,191422.886295964
38,"446.01","4",Queens,"044601","4044601",I,Jamaica,QN1201,QN12,QN12 Jamaica-St. Albans-Hollis (CD 12 Approximation),"36081044601","4412",6259.59469609,2420494.7251,319,"36081044601","Census Tract 446.01; Queens County; New York","3673","379","758","228","137","85","621","220","758","228","2325","304","861","207","1464","298","736","142","590","115","1853","336","1820","226","111","103","960","259","0","14","882","292","0","14","1423","356","297","117","1662","351","28","48","2699","307","707","238","620","165","676","216","696","243","1529","308","1363","269","1000","240","363","120","166","111","96","91","70","61","3045","324","884","264","643","155","1518","273","342","158","1115","282","1292","283","1850","494","2301","507","2645","472","3112","429","3310","433","1022","264","585","257","437","100","0","14","0","14","18","45","289","141","121","109","235","193","129","98","117","69","113","64","12656","1505","280","200","225","123","517","181","3305","387","788","265","174","146","0","14","174","146","174","146","478","186","167","91","311","157","157","91","136","77","382","179","406","123","59","91","103","97","0","14","120","101","0","14","338","219","168","75","521","233","28","48","572","157","234","93","221","112","81","81","36","46","192","117","136","84","103","75","33","41","56","84","36","67","20","46","684","216","66","52","84","82","534","173",(X),(X),(X),(X),(X),(X),(X),(X),(X),(X),(X),(X),(X),(X),(X),(X),"413","185","188","134","225","85","0","14","0","14","18","45","125","60","64","85","78","68","56","72","34","36","38","43",(X),(X),"18","26","59","72","336","160","523","224","21.5","7.4","23.0","17.6","0.0","26.2","28.0","21.0","23.0","17.6","20.6","8.6","19.4","12.4","21.2","10.0","21.3","11.9","23.1","12.2","20.6","9.8","22.3","6.9","53.2","50.6","10.7","10.5","-",**,"13.6","13.2","-",**,"23.8","15.7","56.6","21.1","31.3","14.7","100.0","64.1","21.2","6.4","33.1","15.4","35.6","16.8","12.0","10.8","5.2","6.9","12.6","7.8","10.0","6.3","10.3","7.6","9.1","11.8","33.7","39.2","37.5","39.7","28.6","61.9","22.5","7.5","7.5","5.3","13.1","13.0","35.2","10.2",(X),(X),(X),(X),(X),(X),(X),(X),(X),(X),(X),(X),(X),(X),(X),(X),"40.4","17.7","32.1","22.3","51.5","15.7","-",**,"-",**,"100.0","79.9","43.3","30.9","52.9","32.0","33.2","35.4","43.4","38.6","29.1","25.6","33.6","31.6",(X),(X),"6.4","11.6","26.2","34.4","65.0","14.1","15.8","6.9",,"36081044601",21.5,0.20022593952343,0.00926883637936831,Retention Street,1040314.27981325,196174.312524733
39,"592","4",Queens,"059200","4059200",I,Cambria Heights,QN1304,QN13,QN13 Queens Village-Bellerose-Rosedale (CD 13 Approximation),"36081059200","4413",8759.2598718,2441978.00717,433,"36081059200","Census Tract 592; Queens County; New York","1240","259","148","93","65","60","83","65","148","93","820","209","206","73","614","185","386","128","272","126","592","178","648","129","6","9","1128","248","0","14","59","62","0","14","40","52","7","10","6","9","6","9","924","198","41","22","242","119","282","97","359","102","625","207","604","208","297","136","307","94","21","17","7","10","14","14","1096","216","385","137","271","112","440","132","109","130","277","185","277","185","283","184","283","184","449","196","733","254","786","250","170","116","116","106","54","32","0","14","0","14","0","14","0","14","32","30","7","10","34","21","17","15","80","101",N,N,"32","30","0","14","138","109","1240","259","277","185","61","63","28","40","33","53","61","63","109","88","47","56","62","38","114","113","107","112","137","115","140","102","0","14","277","185","0","14","0","14","0","14","0","14","0","14","0","14","0","14","169","123","0","14","88","102","44","43","37","38","61","57","47","56","14","24","33","51","14","14","7","10","7","10","216","145","0","14","57","56","159","119",(X),(X),(X),(X),(X),(X),(X),(X),(X),(X),(X),(X),(X),(X),(X),(X),"90","105","78","101","12","13","0","14","0","14","0","14","0","14","0","14","7","10","14","13","5","8","64","100",(X),(X),"0","14","0","14","90","105","277","185","22.3","14.5","41.2","35.9","43.1","51.3","39.8","48.1","41.2","35.9","13.3","11.2","22.8","25.0","10.1","7.2","29.5","22.4","39.3","27.9","23.1","17.4","21.6","15.5","0.0","100.0","24.6","15.9","-",**,"0.0","44.2","-",**,"0.0","53.6","0.0","100.0","0.0","100.0","0.0","100.0","18.3","12.5","0.0","53.0","36.4","29.2","15.6","14.1","10.3","11.0","9.8","9.7","7.8","9.8","4.7","8.2","10.7","16.2","66.7","41.8","100.0","100.0","50.0","50.0","19.7","12.8","0.0","10.4","21.0","21.0","36.1","20.1",(X),(X),(X),(X),(X),(X),(X),(X),(X),(X),(X),(X),(X),(X),(X),(X),"52.9","33.4","67.2","38.6","22.2","21.2","-",**,"-",**,"-",**,"-",**,"0.0","59.9","100.0","100.0","41.2","32.9","29.4","39.7","80.0","42.4",(X),(X),"0.0","59.9","-",**,"65.2","33.5","22.3","14.5",,"36081059200",22.3,0.179087591360893,0.0188043359388717,Retention Street,1059191.04101317,194872.668937947
40,"404","4",Queens,"040400","4040400",I,St. Albans,QN1205,QN12,QN12 Jamaica-St. Albans-Hollis (CD 12 Approximation),"36081040400","4412",9602.57120952,5092779.32642,296,"36081040400","Census Tract 404; Queens County; New York","3671","552","379","166","129","68","250","129","379","166","2412","397","884","265","1528","320","1274","304","880","233","1682","319","1989","324","117","147","2496","501","52","63","452","256","0","14","284","226","270","164","461","266","110","153","3013","430","421","190","1153","302","853","264","586","182","1985","374","1908","353","1047","226","861","212","77","60","63","59","14","16","3325","493","1542","319","474","143","1309","293","55","46","394","185","434","202","562","236","649","258","915","324","1673","389","2650","575","663","273","162","104","501","228","0","14","0","14","0","14","136","117","88","87","89","72","127","143","79","59","144","140",N,N,"332","197","51","49","280","172","3671","552","320","192","0","14","0","14","0","14","0","14","147","91","31","37","116","86","183","151","173","150","36","28","284","188","0","14","283","187","0","14","29","37","0","14","0","14","8","12","0","14","0","14","320","192","119","143","149","98","52","50","0","14","23","26","23","26","9","14","14","22","0","14","0","14","0","14","320","192","0","14","30","28","290","191",(X),(X),(X),(X),(X),(X),(X),(X),(X),(X),(X),(X),(X),(X),(X),(X),"214","160","18","19","196","158","0","14","0","14","0","14","31","37","44","62","0","14","24","26","30","41","85","131",(X),(X),"0","14","23","26","191","160","320","192","8.7","5.2","0.0","10.6","0.0","27.4","0.0","15.6","0.0","10.6","6.1","3.7","3.5","4.2","7.6","5.3","14.4","11.0","19.7","14.9","2.1","1.7","14.3","8.9","0.0","29.6","11.3","7.2","0.0","47.0","6.4","9.7","-",**,"0.0","13.9","3.0","4.7","0.0","8.8","0.0","31.0","10.6","6.1","28.3","27.2","12.9","8.7","6.1","6.0","0.0","7.0","1.2","1.3","1.2","1.3","0.9","1.3","1.6","2.5","0.0","38.6","0.0","42.7","0.0","90.6","9.6","5.7","0.0","2.7","6.3","5.8","22.2","12.2",(X),(X),(X),(X),(X),(X),(X),(X),(X),(X),(X),(X),(X),(X),(X),(X),"32.3","19.6","11.1","12.8","39.1","24.4","-",**,"-",**,"-",**,"22.8","33.0","50.0","50.0","0.0","35.7","18.9","38.2","38.0","41.2","59.0","50.0",(X),(X),"0.0","12.0","45.1","35.6","68.2","24.4","8.7","5.2",,"36081040400",8.7,0.137496360592101,0.0256404667594338,Retention Street,1047802.92958436,196265.85697083
41,"506","4",Queens,"050600","4050600",I,Hollis,QN1206,QN12,QN12 Jamaica-St. Albans-Hollis (CD 12 Approximation),"36081050600","4412",6185.41498069,2217542.16966,371,"36081050600","Census Tract 506; Queens County; New York","1504","307","205","78","79","58","126","69","205","78","906","232","362","135","544","144","463","141","393","121","677","187","827","173","0","14","1077","312","0","14","250","169","0","14","78","76","99","80","86","78","0","14","1131","210","156","85","352","105","367","123","256","98","733","215","711","215","344","122","367","117","22","19","11","10","11","17","1299","272","554","177","268","115","477","114","72","55","200","144","223","148","337","220","411","227","775","260","840","250","1061","260","169","85","24","23","145","70","0","14","0","14","11","17","26","20","26","30","15","15","6","11","56","45","29","29","11172","3617","47","43","9","15","113","57","1504","307","195","144","24","31","0","14","24","31","24","31","131","93","67","54","64","59","44","36","40","34","58","57","137","90","0","14","62","57","0","14","124","134","0","14","9","15","0","14","9","15","0","14","130","84","52","59","27","27","22","22","29","32","19","21","8","13","4","8","4","6","11","17","0","14","11","17","171","117","4","8","60","72","107","62",(X),(X),(X),(X),(X),(X),(X),(X),(X),(X),(X),(X),(X),(X),(X),(X),"53","28","0","14","53","28","0","14","0","14","11","17","26","20","0","14","0","14","0","14","9","13","7","10",(X),(X),"0","14","9","15","44","25","195","144","13.0","9.3","11.7","15.0","0.0","38.2","19.0","24.6","11.7","15.0","14.5","10.2","18.5","13.8","11.8","10.8","9.5","8.4","10.2","9.0","8.6","8.2","16.6","10.7","-",**,"5.8","5.1","-",**,"49.6","32.2","-",**,"11.5","27.0","0.0","33.3","10.5","26.3","-",**,"11.5","7.8","33.3","29.1","7.7","7.6","6.0","6.4","11.3","12.2","2.6","3.0","1.1","2.0","1.2","2.4","1.1","1.7","50.0","50.0","0.0","100.0","100.0","100.0","13.2","8.9","0.7","1.5","22.4","23.0","22.4","11.9",(X),(X),(X),(X),(X),(X),(X),(X),(X),(X),(X),(X),(X),(X),(X),(X),"31.4","19.6","0.0","69.2","36.6","20.4","-",**,"-",**,"100.0","100.0","100.0","66.5","0.0","66.5","0.0","87.6","0.0","100.0","16.1","21.2","24.1","41.5",(X),(X),"0.0","49.5","100.0","100.0","38.9","20.6","13.0","9.3",,"36081050600",13,0.145259239790175,0.0270620980690304,Retention Street,1050883.43837949,196507.155796499
42,"400","4",Queens,"040000","4040000",I,St. Albans,QN1205,QN12,QN12 Jamaica-St. Albans-Hollis (CD 12 Approximation),"36081040000","4412",6271.30842199,2112654.21488,290,"36081040000","Census Tract 400; Queens County; New York","1410","315","201","131","45","48","156","109","201","131","1019","253","320","86","699","224","297","81","190","54","684","192","726","173","55","55","1137","321","0","14","24","41","0","14","115","102","79","67","61","49","55","55","1129","258","36","27","357","116","424","208","312","108","838","206","789","197","418","139","371","125","49","43","19","18","30","30","1235","264","662","163","139","87","434","122","22","26","81","74","134","100","134","100","134","100","343","163","552","215","963","276","147","80","65","62","82","53","0","14","0","14","0","14","36","34","12","18","17","28","43","45","24","22","15","16",N,N,"55","41","8","13","84","66","1410","315","58","62","0","14","0","14","0","14","0","14","51","60","8","14","43","60","7","11","7","11","43","60","15","17","0","14","58","62","0","14","0","14","0","14","0","14","0","14","0","14","0","14","58","62","7","11","14","24","12","18","25","30","12","18","12","18","12","18","0","14","0","14","0","14","0","14","58","62","12","18","0","14","46","47",(X),(X),(X),(X),(X),(X),(X),(X),(X),(X),(X),(X),(X),(X),(X),(X),"58","62","43","60","15","17","0","14","0","14","0","14","8","14","12","18","17","28","14","24","0","14","7","11",(X),(X),"12","18","0","14","46","47","58","62","4.1","4.2","0.0","18.9","0.0","50.6","0.0","23.5","0.0","18.9","5.0","5.6","2.5","4.1","6.2","8.2","2.4","3.7","3.7","5.6","6.3","8.1","2.1","2.3","0.0","45.7","5.1","5.1","-",**,"0.0","69.2","-",**,"0.0","30.0","0.0","38.2","0.0","43.4","0.0","45.7","5.1","5.1","19.4","29.7","3.9","6.4","2.8","4.6","8.0","9.2","1.4","2.1","1.5","2.2","2.9","4.1","0.0","10.8","0.0","48.4","0.0","77.8","0.0","61.9","4.7","4.7","1.8","2.7","0.0","25.9","10.6","9.3",(X),(X),(X),(X),(X),(X),(X),(X),(X),(X),(X),(X),(X),(X),(X),(X),"39.5","31.9","66.2","45.0","18.3","24.3","-",**,"-",**,"-",**,"22.2","50.4","100.0","97.9","100.0","82.2","32.6","48.9","0.0","69.2","46.7","53.3",(X),(X),"21.8","35.7","0.0","100.0","54.8","35.9","4.1","4.2",,"36081040000",4.1,0.107197311682984,0.0177700954305001,Retention Street,1049450.62028788,193717.9767651
43,"564","4",Queens,"056400","4056400",I,Queens Village,QN1303,QN13,QN13 Queens Village-Bellerose-Rosedale (CD 13 Approximation),"36081056400","4413",6992.25463053,2025501.90509,417,"36081056400","Census Tract 564; Queens County; New York","1580","335","250","111","73","36","177","98","250","111","1019","290","428","198","591","151","488","155","311","119","740","191","840","207","351","173","102","63","0","14","281","162","0","14","252","250","594","280","513","266","261","132","1141","277","344","117","311","196","274","128","212","91","835","243","661","219","317","97","344","152","174","92","107","65","67","43","1330","320","510","186","185","90","635","198","197","160","394","177","415","181","455","187","455","187","554","200","771","259","792","261","228","130","141","117","87","52","0","14","0","14","13","16","44","30","28","33","10","12","39","28","79","100","15","17","9727","3251","82","44","7","13","139","115","1571","334","210","159","89","96","0","14","89","96","89","96","118","78","53","45","65","57","15","15","3","5","69","65","141","130","94","125","23","21","0","14","77","90","0","14","7","12","9","11","79","89","31","37","108","76","54","47","30","26","24","28","0","14","50","42","23","28","23","28","0","14","27","29","7","12","20","21","121","76","0","14","23","28","98","58",(X),(X),(X),(X),(X),(X),(X),(X),(X),(X),(X),(X),(X),(X),(X),(X),"51","38","20","19","31","29","0","14","0","14","13","16","14","24","0","14","9","11","12","15","0","14","3","5",(X),(X),"0","14","0","14","51","38","205","159","13.3","9.7","35.6","27.7","0.0","39.7","50.3","35.2","35.6","27.7","11.6","8.1","12.4","11.3","11.0","9.9","3.1","2.8","1.0","1.7","9.3","8.0","16.8","14.3","26.8","29.1","22.5","21.6","-",**,"27.4","23.0","-",**,"2.8","6.2","1.5","2.1","15.4","18.5","11.9","14.3","9.5","6.7","15.7","14.0","9.6","10.6","8.8","9.2","0.0","18.1","6.0","5.2","3.5","4.6","7.3","9.0","0.0","11.6","15.5","17.0","6.5","10.2","29.9","33.4","9.1","6.0","0.0","8.0","12.4","18.7","15.4","9.5",(X),(X),(X),(X),(X),(X),(X),(X),(X),(X),(X),(X),(X),(X),(X),(X),"22.4","15.1","14.2","12.4","35.6","24.7","-",**,"-",**,"100.0","94.1","31.8","45.0","0.0","64.1","90.0","42.9","30.8","39.3","0.0","38.2","20.0","41.0",(X),(X),"0.0","37.4","0.0","100.0","36.7","33.3","13.0","9.8",,"36081056400",13.3,0.159475623722037,0.0104261861680044,Retention Street,1058151.14730333,202269.082414755
44,"414","4",Queens,"041400","4041400",E,South Jamaica,QN1202,QN12,QN12 Jamaica-St. Albans-Hollis (CD 12 Approximation),"36081041400","4412",10098.6849262,5132816.5743,305,"36081041400","Census Tract 414; Queens County; New York","4561","763","1181","375","542","220","639","271","1173","373","2817","484","1264","371","1553","344","762","253","563","197","2068","361","2493","520","63","69","3013","668","0","14","459","309","0","14","578","468","448","305","290","254","0","14","3009","491","842","343","597","191","704","166","866","360","2357","473","2053","482","988","262","1065","343","304","172","197","108","107","95","3503","524","1308","430","961","322","1234","309","476","243","1080","444","1255","479","1473","501","1473","501","2378","657","2592","667","3410","699","431","158","147","92","284","124","8","13","0","14","3","4","105","88","137","96","26","41","44","51","80","67","28","32","13878","904","100","71","79","73","252","127","4556","763","810","335","248","139","150","133","98","127","240","136","464","190","175","93","289","157","125","103","98","96","366","173","444","192","30","46","594","356","0","14","0","14","0","14","25","42","161","198","32","46","0","14","533","240","250","116","153","118","107","88","23","32","164","86","87","54","45","38","42","42","77","72","45","54","32","47","594","242","0","14","156","80","438","212",(X),(X),(X),(X),(X),(X),(X),(X),(X),(X),(X),(X),(X),(X),(X),(X),"203","116","56","54","147","98","8","13","0","14","3","4","74","72","75","68","0","14","34","49","0","14","9","16",(X),(X),"0","14","31","46","172","107","806","335","17.8","7.3","21.0","12.1","27.7","20.9","15.3","18.7","20.5","11.9","16.5","6.7","13.8","8.0","18.6","9.4","16.4","13.0","17.4","15.6","17.7","8.5","17.8","7.7","47.6","52.4","19.7","10.9","-",**,"0.0","8.8","-",**,"4.3","7.1","35.9","34.4","11.0","11.1","-",**,"17.7","7.8","29.7","15.4","25.6","16.9","15.2","12.0","2.7","3.9","7.0","3.8","4.2","2.7","4.6","4.2","3.9","4.1","25.3","23.1","22.8","24.9","29.9","40.4","17.0","6.9","0.0","3.2","16.2","9.6","35.5","13.4",(X),(X),(X),(X),(X),(X),(X),(X),(X),(X),(X),(X),(X),(X),(X),(X),"47.1","19.4","38.1","30.2","51.8","25.2","100.0","100.0","-",**,"100.0","100.0","70.5","40.7","54.7","36.9","0.0","66.5","77.3","48.0","0.0","37.9","32.1","62.5",(X),(X),"0.0","33.1","39.2","49.2","68.3","24.0","17.7","7.3",,"36081041400",17.8,0.202704494081196,0.0243974617213191,Retention Street,1045045.15415078,194253.763023105
45,"664.02","4",Queens,"066402","4066402",I,Rosedale,QN1307,QN13,QN13 Queens Village-Bellerose-Rosedale (CD 13 Approximation),"36081066402","4413",11688.4760159,4232911.46427,490,"36081066402","Census Tract 664.02; Queens County; New York","3470","582","656","417","295","267","361","180","656","417","2126","393","768","275","1358","354","997","232","688","206","1583","443","1887","340","328","508","3020","599","0","14","39","60","0","14","53","69","30","47","134","115","328","508","2420","390","335","177","537","212","815","312","733","328","1767","362","1686","323","718","182","968","258","81","82","66","77","15","25","2869","452","1185","277","739","253","945","215","157","125","209","139","301","158","738","541","756","542","1220","659","1736","655","1911","647","459","171","136","97","323","170","0","14","0","14","31","37","30","41","55","61","72","78","134","110","137","101","0","14","12357","1980","203","132","56","55","200","111","3467","583","209","139","74","85","11","17","63","80","74","85","135","74","42","39","93","70","0","14","0","14","114","94","95","72","1","3","168","128","0","14","39","60","0","14","0","14","1","3","1","3","1","3","104","74","1","3","23","25","79","62","1","3","25","32","8","14","8","14","0","14","17","29","17","29","0","14","135","74","8","14","17","29","110","66",(X),(X),(X),(X),(X),(X),(X),(X),(X),(X),(X),(X),(X),(X),(X),(X),"91","63","33","37","58","62","0","14","0","14","31","37","3","7","0","14","57","62","0","14","0","14","0","14",(X),(X),"0","14","17","29","74","56","206","138","6.0","4.0","11.3","15.1","3.7","7.5","17.5","21.3","11.3","15.1","6.3","3.4","5.5","5.1","6.8","5.3","0.0","4.2","0.0","6.0","7.2","6.0","5.0","3.8","0.3","1.0","5.6","4.1","-",**,"100.0","54.3","-",**,"0.0","46.6","3.3","10.2","0.7","2.1","0.3","1.0","4.3","3.1","0.3","0.8","4.3","4.9","9.7","7.7","0.1","0.4","1.4","1.7","0.5","0.8","1.1","2.0","0.0","4.3","21.0","25.9","25.8","30.7","0.0","87.6","4.7","2.6","0.7","1.2","2.3","3.8","11.6","7.0",(X),(X),(X),(X),(X),(X),(X),(X),(X),(X),(X),(X),(X),(X),(X),(X),"19.8","12.5","24.3","25.9","18.0","18.5","-",**,"-",**,"100.0","60.9","10.0","22.3","0.0","45.7","79.2","21.9","0.0","26.6","0.0","26.2","-",**,(X),(X),"0.0","18.8","30.4","44.8","37.0","31.7","5.9","4.0",,"36081066402",6,0.133408021326425,0.00949196442210546,Retention Street,1057041.70566296,178466.378792164
46,"540","4",Queens,"054000","4054000",E,Queens Village,QN1303,QN13,QN13 Queens Village-Bellerose-Rosedale (CD 13 Approximation),"36081054000","4413",10379.2231819,5627808.84641,399,"36081054000","Census Tract 540; Queens County; New York","4325","604","414","197","93","86","321","163","414","197","2879","481","1073","369","1806","359","1614","354","1032","323","2182","350","2143","387","55","63","2760","479","0","14","449","252","0","14","499","386","562","260","656","456","10","27","3436","480","742","286","1195","300","693","253","806","349","2327","420","2127","423","1194","281","933","231","200","106","95","77","105","75","3985","598","1588","364","841","189","1556","371","239","176","886","387","1001","415","1337","448","1380","459","1774","473","2061","515","2944","658","802","341","512","250","290","197","0","14","0","14","6","27","0","14","120","113","39","66","312","198","133","96","192","163","8701","2837","310","178","72","84","420","223","4287","604","536","298","42","58","0","14","42","58","42","58","283","177","64","69","219","143","345","213","211","172","217","146","319","230","38","59","359","204","0","14","0","14","0","14","0","14","139","195","137","153","5","22","443","235","148","147","234","161","23","36","38","44","113","123","63","72","63","72","0","14","50","62","50","62","0","14","536","298","30","51","77","70","429","252",(X),(X),(X),(X),(X),(X),(X),(X),(X),(X),(X),(X),(X),(X),(X),(X),"348","214","159","130","189","175","0","14","0","14","6","27","0","14","0","14","0","14","166","135","0","14","176","161",(X),(X),"30","51","33","54","285","190","530","294","12.4","6.7","10.1","15.1","0.0","34.7","13.1","19.7","10.1","15.1","9.8","6.2","6.0","6.3","12.1","8.1","21.4","11.7","20.4","15.3","9.9","6.7","14.9","9.7","69.1","46.4","13.0","7.2","-",**,"0.0","9.0","-",**,"0.0","8.2","24.7","29.4","20.9","19.6","50.0","50.0","12.9","6.7","19.9","18.4","19.6","11.9","3.3","5.2","4.7","5.9","4.9","5.3","3.0","3.4","5.3","5.9","0.0","4.4","25.0","27.1","52.6","47.0","0.0","32.0","13.5","7.1","1.9","3.2","9.2","8.2","27.6","14.1",(X),(X),(X),(X),(X),(X),(X),(X),(X),(X),(X),(X),(X),(X),(X),(X),"43.4","18.7","31.1","21.2","65.2","34.7","-",**,"-",**,"100.0","100.0","-",**,"0.0","29.0","0.0","54.3","53.2","28.7","0.0","26.8","91.7","17.6",(X),(X),"9.7","14.6","45.8","54.2","67.9","20.3","12.4","6.7",,"36081054000",12.4,0.174789301927776,0.0113135588683654,Retention Street,1055434.79035173,199073.211323898
47,"500","4",Queens,"050000","4050000",E,Hollis,QN1206,QN12,QN12 Jamaica-St. Albans-Hollis (CD 12 Approximation),"36081050000","4412",10937.1973659,3612066.41692,366,"36081050000","Census Tract 500; Queens County; New York","4130","601","960","358","250","126","710","348","960","358","2791","426","1070","295","1721","248","692","182","379","145","1873","521","2257","353","91","65","2717","667","6","12","520","195","0","14","370","210","426","345","543","335","76","59","2890","417","467","179","713","184","964","228","746","178","2353","375","2129","370","954","257","1175","265","224","109","80","75","144","83","3393","485","1578","322","770","163","1045","249","226","132","568","236","811","303","995","316","1069","319","1759","430","2454","407","3187","561","920","206","424","137","496","155","0","14","0","14","0","14","160","104","254","105","131","84","195","82","48","48","132","100","8671","3076","469","165","123","61","328","138","4068","602","440","194","55","53","15","25","40","48","55","53","273","120","100","66","173","86","153","100","112","95","142","81","298","143","13","13","252","134","6","12","53","91","0","14","65","85","51","55","92","96","13","13","375","152","99","60","189","102","51","45","36","51","109","65","53","55","12","21","41","49","56","46","17","35","39","32","396","165","12","21","79","57","305","146",(X),(X),(X),(X),(X),(X),(X),(X),(X),(X),(X),(X),(X),(X),(X),(X),"287","118","87","60","200","100","0","14","0","14","0","14","76","55","38","35","0","14","73","54","23","31","77","85",(X),(X),"0","14","69","55","218","117","390","193","10.7","4.8","5.7","6.2","6.0","10.3","5.6","8.1","5.7","6.2","9.8","4.1","9.3","5.4","10.1","4.9","22.1","13.1","29.6","20.6","7.6","4.5","13.2","5.9","14.3","16.5","9.3","5.4","100.0","100.0","10.2","16.7","-",**,"17.6","22.6","12.0","14.0","16.9","21.1","17.1","20.8","13.0","5.0","21.2","13.2","26.5","13.8","5.3","5.0","4.8","6.4","4.6","2.8","2.5","2.6","1.3","2.1","3.5","4.2","25.0","19.1","21.3","41.9","27.1","23.6","11.7","4.9","0.8","1.3","10.3","7.2","29.2","12.7",(X),(X),(X),(X),(X),(X),(X),(X),(X),(X),(X),(X),(X),(X),(X),(X),"31.2","11.3","20.5","12.7","40.3","14.8","-",**,"-",**,"-",**,"47.5","24.0","15.0","12.3","0.0","27.1","37.4","24.4","47.9","31.6","58.3","39.3",(X),(X),"0.0","8.7","56.1","27.6","66.5","19.6","9.6","4.8",,"36081050000",10.7,0.167386167483367,0.0172527705714967,Retention Street,1049782.68943876,198746.123604315
48,"502.02","4",Queens,"050202","4050202",E,Hollis,QN1206,QN12,QN12 Jamaica-St. Albans-Hollis (CD 12 Approximation),"36081050202","4412",5227.63785098,1645285.18418,368,"36081050202","Census Tract 502.02; Queens County; New York","1398","242","325","176","80","62","245","140","325","176","821","154","327","89","494","117","309","116","252","110","687","129","711","183","13","21","937","245","0","14","286","148","0","14","37","53","125","67","76","60","13","21","887","131","101","63","315","104","192","78","279","83","730","168","643","162","334","97","309","106","87","39","55","32","32","17","1131","161","463","120","244","89","424","114","87","72","259","154","285","161","359","202","395","199","617","213","908","261","1027","253","122","64","69","48","53","52","0","14","0","14","0","14","32","33","0","14","35","40","21","28","0","14","34","42",N,N,"65","51","3","4","54","50","1396","242","259","154","119","109","19","29","100","106","119","109","88","60","36","46","52","40","52","61","52","61","141","88","118","88","0","14","230","151","0","14","0","14","0","14","27","42","2","2","29","42","0","14","104","65","20","27","28","31","35","35","21","32","46","40","32","33","0","14","32","33","14","23","14","23","0","14","170","98","0","14","54","41","116","73",(X),(X),(X),(X),(X),(X),(X),(X),(X),(X),(X),(X),(X),(X),(X),(X),"20","27","20","27","0","14","0","14","0","14","0","14","0","14","0","14","2","2","18","27","0","14","0","14",(X),(X),"0","14","0","14","20","27","257","154","18.5","10.3","36.6","25.4","23.8","30.4","40.8","30.1","36.6","25.4","10.7","7.7","11.0","13.7","10.5","8.0","16.8","18.2","20.6","21.8","20.5","12.4","16.6","10.5","0.0","94.1","24.5","14.2","-",**,"0.0","13.8","-",**,"73.0","14.1","1.6","1.5","38.2","34.8","0.0","94.1","11.7","7.5","19.8","26.2","8.9","10.4","18.2","16.7","7.5","11.0","6.3","5.9","5.0","5.3","0.0","11.9","10.4","10.3","16.1","24.5","25.5","36.4","0.0","59.9","15.0","9.0","0.0","8.8","22.1","16.3","27.4","15.4",(X),(X),(X),(X),(X),(X),(X),(X),(X),(X),(X),(X),(X),(X),(X),(X),"16.4","22.4","29.0","37.9","0.0","46.6","-",**,"-",**,"-",**,"0.0","59.9","-",**,"5.7","10.5","85.7","33.1","-",**,"0.0","58.2",(X),(X),"0.0","42.1","0.0","100.0","37.0","49.2","18.4","10.3",,"36081050202",18.5,0.193818374237549,0.0318020372369562,Cloudburst Road,1050983.32693699,198109.282182176
49,"650","4",Queens,"065000","4065000",I,Laurelton,QN1305,QN13,QN13 Queens Village-Bellerose-Rosedale (CD 13 Approximation),"36081065000","4413",9259.52096029,4304601.87177,477,"36081065000","Census Tract 650; Queens County; New York","2773","413","486","222","143","90","343","184","486","222","1550","276","460","123","1090","203","909","178","737","177","1379","287","1394","179","0","14","2520","399","0","14","0","14","0","14","173","175","80","71","168","175","0","14","2095","299","119","69","530","188","651","196","795","125","1374","217","1330","212","625","150","705","124","44","32","15","15","29","27","2355","342","1106","196","358","109","891","211","110","76","180","97","180","97","450","273","596","276","677","293","941","330","1252","358","408","113","186","81","222","70","0","14","0","14","17","24","0","14","45","51","71","50","120","91","100","58","55","34","11345","2484","156","81","23","25","229","83","2773","413","160","94","23","37","8","13","15","24","23","37","95","76","17","24","78","72","77","48","42","30","41","40","119","64","0","14","129","88","0","14","0","14","0","14","17","24","14","16","23","27","0","14","120","75","3","5","48","66","49","30","20","25","32","29","15","16","8","12","7","11","17","24","0","14","17","24","137","79","8","12","7","11","122","75",(X),(X),(X),(X),(X),(X),(X),(X),(X),(X),(X),(X),(X),(X),(X),(X),"130","77","34","37","96","50","0","14","0","14","17","24","0","14","0","14","0","14","71","70","19","24","23","20",(X),(X),"8","12","0","14","122","75","160","94","5.8","3.5","4.7","7.9","5.6","10.7","4.4","7.4","4.7","7.9","6.1","4.7","3.7","5.2","7.2","6.3","8.5","5.5","5.7","4.5","3.0","2.9","8.5","4.7","-",**,"5.1","3.6","-",**,"-",**,"-",**,"9.8","19.1","17.5","25.4","13.7","25.0","-",**,"5.7","3.6","2.5","4.0","9.1","12.1","7.5","5.0","2.5","3.1","2.3","2.1","1.1","1.2","1.3","1.9","1.0","1.5","38.6","41.6","0.0","87.6","58.6","49.9","5.8","3.4","0.7","1.1","2.0","3.1","13.7","8.6",(X),(X),(X),(X),(X),(X),(X),(X),(X),(X),(X),(X),(X),(X),(X),(X),"31.9","14.9","18.3","18.3","43.2","18.4","-",**,"-",**,"100.0","82.2","-",**,"0.0","50.6","0.0","40.2","59.2","29.1","19.0","22.9","41.8","21.0",(X),(X),"5.1","7.4","0.0","70.7","53.3","22.5","5.8","3.5",,"36081065000",5.8,0.127880612882487,0.00901032144017671,Retention Street,1055037.83041763,183281.537277769
50,"606","4",Queens,"060600","4060600",I,Cambria Heights,QN1304,QN13,QN13 Queens Village-Bellerose-Rosedale (CD 13 Approximation),"36081060600","4413",6180.97557613,2317297.14372,444,"36081060600","Census Tract 606; Queens County; New York","1176","209","156","88","38","34","118","69","156","88","808","180","149","74","659","140","314","114","212","74","530","127","646","154","0","14","1041","195","0","14","45","54","0","14","46","69","44","49","104","91","0","14","966","154","106","59","276","86","294","118","290","97","721","150","673","142","274","85","399","115","48","55","48","55","0","14","1039","171","533","114","163","92","343","112","25","26","59","62","59","62","83","71","83","71","317","137","397","147","625","181","302","146","127","80","175","101","0","14","0","14","0","14","19","20","0","14","136","109","77","78","25","35","45","38",N,N,"162","98","36","60","104","83","1176","209","59","62","0","14","0","14","0","14","0","14","38","46","0","14","38","46","21","24","21","24","25","41","34","30","0","14","59","62","0","14","0","14","0","14","0","14","0","14","0","14","0","14","59","62","21","24","25","41","0","14","13","20","38","46","13","20","0","14","13","20","25","41","25","41","0","14","59","62","13","20","0","14","46","59",(X),(X),(X),(X),(X),(X),(X),(X),(X),(X),(X),(X),(X),(X),(X),(X),"25","26","0","14","25","26","0","14","0","14","0","14","0","14","0","14","13","20","0","14","0","14","12","19",(X),(X),"13","20","0","14","12","19","59","62","5.0","5.2","0.0","23.5","0.0","55.0","0.0","29.4","0.0","23.5","4.7","5.6","0.0","24.4","5.8","6.8","6.7","7.6","9.9","10.9","4.7","7.5","5.3","4.8","-",**,"5.7","5.9","-",**,"0.0","50.6","-",**,"0.0","50.0","0.0","51.1","0.0","32.2","-",**,"6.1","6.2","19.8","21.3","9.1","13.9","0.0","13.4","4.5","6.7","5.3","6.1","1.9","3.0","0.0","14.3","3.3","5.0","52.1","52.1","52.1","52.1","-",**,"5.7","5.8","2.4","3.8","0.0","22.7","13.4","15.9",(X),(X),(X),(X),(X),(X),(X),(X),(X),(X),(X),(X),(X),(X),(X),(X),"8.3","9.1","0.0","27.8","14.3","15.3","-",**,"-",**,"-",**,"0.0","77.8","-",**,"9.6","17.3","0.0","38.6","0.0","67.8","26.7","39.1",(X),(X),"8.0","13.1","0.0","56.5","11.5","18.5","5.0","5.2",,"36081060600",5,0.120542444508956,0.0115674951110061,Retention Street,1057646.63479903,191409.427516488
51,"538","4",Queens,"053800","4053800",I,Queens Village,QN1303,QN13,QN13 Queens Village-Bellerose-Rosedale (CD 13 Approximation),"36081053800","4413",7196.83080203,2031701.03525,396,"36081053800","Census Tract 538; Queens County; New York","1700","344","336","142","169","118","167","80","336","142","1050","231","348","115","702","160","390","129","314","124","776","215","924","178","19","29","1327","341","11","18","131","119","0","14","125","165","87","63","93","82","19","29","1258","258","134","56","363","125","396","142","365","127","795","163","716","142","351","109","365","122","79","63","62","42","17","28","1380","284","575","135","182","87","623","216","69","65","89","70","253","175","301","186","323","190","742","281","1027","341","1117","345","111","68","111","68","0","14","0","14","0","14","0","14","22","29","55","45","0","14","7","10","19","27","8","12",N,N,"84","65","12","18","15","12","1700","344","89","70","24","35","13","19","11","17","24","35","34","30","0","14","34","30","31","34","31","34","48","44","41","37","0","14","56","50","0","14","0","14","0","14","33","49","0","14","33","49","0","14","65","52","19","21","9","13","31","34","6","10","17","20","0","14","0","14","0","14","17","20","17","20","0","14","65","52","0","14","12","18","53","49",(X),(X),(X),(X),(X),(X),(X),(X),(X),(X),(X),(X),(X),(X),(X),(X),"19","21","19","21","0","14","0","14","0","14","0","14","0","14","12","18","0","14","7","10","0","14","0","14",(X),(X),"0","14","12","18","7","10","89","70","5.2","4.1","7.1","10.3","7.7","13.3","6.6","9.9","7.1","10.3","3.2","2.9","0.0","11.5","4.8","4.2","7.9","9.0","9.9","11.4","6.2","5.7","4.4","4.0","0.0","77.8","4.2","3.7","0.0","100.0","0.0","27.1","-",**,"26.4","43.9","0.0","36.2","35.5","40.8","0.0","77.8","5.2","4.0","14.2","13.3","2.5","3.8","7.8","8.0","1.6","2.7","2.1","2.5","0.0","5.8","0.0","11.4","0.0","11.0","21.5","27.9","27.4","29.9","0.0","82.3","4.7","3.7","0.0","7.1","6.6","9.4","8.5","7.8",(X),(X),(X),(X),(X),(X),(X),(X),(X),(X),(X),(X),(X),(X),(X),(X),"17.1","20.5","17.1","20.5","-",**,"-",**,"-",**,"-",**,"0.0","72.3","21.8","33.0","-",**,"100.0","100.0","0.0","77.8","0.0","100.0",(X),(X),"0.0","36.9","100.0","97.9","46.7","53.3","5.2","4.1",,"36081053800",5.2,0.142244941999005,0.0284604248362866,Retention Street,1055634.34464699,196770.691967603
52,"638","4",Queens,"063800","4063800",I,Rosedale,QN1307,QN13,QN13 Queens Village-Bellerose-Rosedale (CD 13 Approximation),"36081063800","4413",12273.3107424,7406880.92504,471,"36081063800","Census Tract 638; Queens County; New York","3893","763","687","418","285","194","402","277","687","418","2446","443","888","297","1558","363","1211","387","760","374","2167","454","1726","396","79","60","3222","819","0","14","77","109","0","14","51","65","464","409","463","417","79","60","3079","697","290","200","881","413","871","319","1037","377","2132","464","1993","447","951","260","1042","259","139","107","115","102","24","27","3231","690","1592","432","532","193","1107","431","161","174","432","343","432","343","530","315","576","370","946","494","1518","659","1933","719","451","207","299","152","152","116","0","14","0","14","20","35","85","100","135","122","71","63","40","34","30","50","70","74",N,N,"231","142","43","74","177","122","3860","764","407","343","109","154","51","80","58","75","109","154","248","188","133","128","115","93","50","65","50","65","221","184","186","168","2","3","211","195","0","14","0","14","0","14","0","14","194","287","194","287","2","3","246","194","71","70","28","42","129","172","18","26","76","84","64","72","14","23","50","62","12","19","0","14","12","19","309","234","14","23","117","123","178","119",(X),(X),(X),(X),(X),(X),(X),(X),(X),(X),(X),(X),(X),(X),(X),(X),"62","52","53","44","9","16","0","14","0","14","0","14","2","3","18","26","31","32","2","3","9","16","0","14",(X),(X),"0","14","0","14","62","52","382","341","10.5","8.8","15.9","23.2","17.9","28.6","14.4","21.3","15.9","23.2","10.1","7.7","15.0","13.0","7.4","6.1","4.1","5.2","6.6","8.2","10.2","8.7","10.8","9.6","2.5","4.5","6.5","6.4","-",**,"0.0","38.6","-",**,"0.0","47.5","41.8","45.9","41.9","45.0","2.5","4.5","8.0","6.3","24.5","19.8","3.2","5.0","14.8","17.6","1.7","2.7","3.6","3.9","3.2","3.6","1.5","2.4","4.8","6.0","8.6","14.9","0.0","30.0","50.0","50.0","9.6","7.3","0.9","1.4","22.0","22.1","16.1","11.8",(X),(X),(X),(X),(X),(X),(X),(X),(X),(X),(X),(X),(X),(X),(X),(X),"13.7","10.3","17.7","13.4","5.9","9.0","-",**,"-",**,"0.0","75.8","2.4","5.0","13.3","20.1","43.7","48.3","5.0","9.6","30.0","15.2","0.0","40.5",(X),(X),"0.0","16.7","0.0","51.7","35.0","29.8","9.9","8.8",,"36081063800",10.5,0.146748317441791,0.032048298444537,Cloudburst Road,1058313.75515343,183427.210689666
53,"616.01","4",Queens,"061601","4061601",I,Laurelton,QN1305,QN13,QN13 Queens Village-Bellerose-Rosedale (CD 13 Approximation),"36081061601","4413",9165.24543448,4117509.61945,452,"36081061601","Census Tract 616.01; Queens County; New York","2257","444","434","205","50","76","384","156","434","205","1338","270","450","139","888","218","597","107","485","95","923","248","1334","254","16","18","1997","458","0","14","40","50","0","14","17","25","187","100","86","66","16","18","1587","251","51","32","512","193","483","139","541","142","988","203","937","195","445","129","492","103","51","36","18","24","33","31","1927","352","764","158","333","111","830","198","62","42","117","56","167","85","185","86","386","318","609","334","1177","428","1478","406","287","116","73","62","214","105","0","14","0","14","0","14","45","49","0","14","25","27","56","58","26","25","135","74","5491","7387","77","69","33","51","177","78","2257","444","95","70","0","14","0","14","0","14","0","14","32","35","14","18","18","19","63","56","63","56","20","21","75","61","0","14","89","69","0","14","0","14","0","14","3","7","3","4","3","7","0","14","95","70","8","12","54","56","23","33","10","15","3","7","0","14","0","14","0","14","3","7","0","14","3","7","95","70","0","14","11","17","84","62",(X),(X),(X),(X),(X),(X),(X),(X),(X),(X),(X),(X),(X),(X),(X),(X),"55","59","0","14","55","59","0","14","0","14","0","14","3","7","0","14","0","14","0","14","0","14","52","57",(X),(X),"0","14","0","14","55","59","95","70","4.2","3.1","0.0","9.3","0.0","48.0","0.0","10.5","0.0","9.3","2.4","2.5","3.1","4.0","2.0","2.2","10.6","9.0","13.0","10.9","2.2","2.4","5.6","4.4","0.0","84.8","4.5","3.6","-",**,"0.0","53.6","-",**,"17.6","46.0","1.6","2.5","3.5","8.2","0.0","84.8","6.0","4.3","15.7","23.4","10.5","11.5","4.8","6.8","1.8","2.7","0.3","0.7","0.0","4.4","0.0","9.1","0.0","8.3","5.9","11.8","0.0","79.9","9.1","16.3","4.9","3.6","0.0","5.4","3.3","5.1","10.1","7.1",(X),(X),(X),(X),(X),(X),(X),(X),(X),(X),(X),(X),(X),(X),(X),(X),"19.2","19.0","0.0","39.7","25.7","23.1","-",**,"-",**,"-",**,"6.7","19.3","-",**,"0.0","67.8","0.0","45.3","0.0","66.5","38.5","37.6",(X),(X),"0.0","38.6","0.0","59.0","31.1","29.4","4.2","3.1",,"36081061601",4.2,0.112018178419778,0.0243072927579706,Retention Street,1058610.11281845,187812.553523707
54,"594","4",Queens,"059400","4059400",I,Cambria Heights,QN1304,QN13,QN13 Queens Village-Bellerose-Rosedale (CD 13 Approximation),"36081059400","4413",7041.47602501,2389902.1642,435,"36081059400","Census Tract 594; Queens County; New York","1667","365","246","146","123","101","123","65","246","146","1023","246","244","123","779","166","555","134","398","93","857","248","810","171","24","36","1463","358","0","14","0","14","0","14","57","59","123","100","128","130","13","19","1359","243","90","42","292","94","457","150","520","177","928","186","826","155","447","120","379","84","102","64","43","40","59","37","1434","264","644","139","288","96","502","138","0","14","61","44","110","74","128","80","168","89","343","188","413","203","1001","397","150","57","99","50","51","28","0","14","0","14","0","14","9","13","23","22","24","20","57","39","13","13","24","22",N,N,"70","37","18","16","62","45","1667","365","17","21","0","14","0","14","0","14","0","14","6","10","0","14","6","10","11","17","11","17","0","14","17","21","0","14","17","21","0","14","0","14","0","14","0","14","0","14","0","14","0","14","17","21","0","14","11","17","0","14","6","10","6","10","6","10","0","14","6","10","0","14","0","14","0","14","17","21","0","14","6","10","11","17",(X),(X),(X),(X),(X),(X),(X),(X),(X),(X),(X),(X),(X),(X),(X),(X),"6","10","0","14","6","10","0","14","0","14","0","14","0","14","0","14","6","10","0","14","0","14","0","14",(X),(X),"0","14","6","10","0","14","17","21","1.0","1.3","0.0","15.8","0.0","28.5","0.0","28.5","0.0","15.8","0.6","1.0","0.0","15.9","0.8","1.3","2.0","3.0","2.8","4.2","0.0","4.8","2.1","2.5","0.0","69.2","1.2","1.4","-",**,"-",**,"-",**,"0.0","44.9","0.0","28.5","0.0","27.6","0.0","94.1","1.3","1.5","0.0","35.4","3.8","6.0","0.0","8.9","1.2","1.9","0.6","1.1","0.7","1.2","0.0","9.1","1.6","2.6","0.0","32.7","0.0","51.7","0.0","44.2","1.2","1.4","0.0","6.4","2.1","3.6","2.2","3.4",(X),(X),(X),(X),(X),(X),(X),(X),(X),(X),(X),(X),(X),(X),(X),(X),"4.0","6.8","0.0","33.3","11.8","18.6","-",**,"-",**,"-",**,"0.0","100.0","0.0","70.7","25.0","38.4","0.0","44.9","0.0","94.1","0.0","69.2",(X),(X),"0.0","40.5","33.3","45.9","0.0","43.1","1.0","1.3",,"36081059400",1,0.0975398173466005,0.0131806317372198,Retention Street,1058789.02310565,193861.973281433
55,"246","4",Queens,"024600","4024600",I,Jamaica,QN1201,QN12,QN12 Jamaica-St. Albans-Hollis (CD 12 Approximation),"36081024600","4412",7806.21678403,3272655.62122,192,"36081024600","Census Tract 246; Queens County; New York","0","14","0","14","0","14","0","14","0","14","0","14","0","14","0","14","0","14","0","14","0","14","0","14","0","14","0","14","0","14","0","14","0","14","0","14","0","14","0","14","0","14","0","14","0","14","0","14","0","14","0","14","0","14","0","14","0","14","0","14","0","14","0","14","0","14","0","14","0","14","0","14","0","14","0","14","0","14","0","14","0","14","0","14","0","14","0","14","0","14","0","14","0","14","0","14","0","14","0","14","0","14","0","14","0","14","0","14","0","14","0","14","0","14","-",**,"0","14","0","14","0","14","0","14","0","14","0","14","0","14","0","14","0","14","0","14","0","14","0","14","0","14","0","14","0","14","0","14","0","14","0","14","0","14","0","14","0","14","0","14","0","14","0","14","0","14","0","14","0","14","0","14","0","14","0","14","0","14","0","14","0","14","0","14","0","14","0","14","0","14","0","14","0","14","0","14","0","14",(X),(X),(X),(X),(X),(X),(X),(X),(X),(X),(X),(X),(X),(X),(X),(X),"0","14","0","14","0","14","0","14","0","14","0","14","0","14","0","14","0","14","0","14","0","14","0","14",(X),(X),"0","14","0","14","0","14","0","14","-",**,"-",**,"-",**,"-",**,"-",**,"-",**,"-",**,"-",**,"-",**,"-",**,"-",**,"-",**,"-",**,"-",**,"-",**,"-",**,"-",**,"-",**,"-",**,"-",**,"-",**,"-",**,"-",**,"-",**,"-",**,"-",**,"-",**,"-",**,"-",**,"-",**,"-",**,"-",**,"-",**,"-",**,"-",**,"-",**,"-",**,(X),(X),(X),(X),(X),(X),(X),(X),(X),(X),(X),(X),(X),(X),(X),(X),"-",**,"-",**,"-",**,"-",**,"-",**,"-",**,"-",**,"-",**,"-",**,"-",**,"-",**,"-",**,(X),(X),"-",**,"-",**,"-",**,"-",**,,"36081024600",,0.163896016881499,0.0485239372722379,Cloudburst Road,1040677.52938415,194809.228536539
56,"402","4",Queens,"040200","4040200",I,St. Albans,QN1205,QN12,QN12 Jamaica-St. Albans-Hollis (CD 12 Approximation),"36081040200","4412",6713.98505576,2352448.87956,293,"36081040200","Census Tract 402; Queens County; New York","1557","366","302","162","48","42","254","162","302","162","1020","236","391","146","629","160","329","86","235","64","607","111","950","302","0","14","1186","292","0","14","33","40","0","14","177","137","161","145","119","113","0","14","1135","243","107","51","245","88","415","149","368","147","825","164","803","161","334","86","469","112","22","17","12","13","10","11","1281","251","642","155","339","122","300","77","26","21","140","92","200","111","251","111","251","111","501","178","750","230","929","250","237","125","47","34","190","124","0","14","0","14","5","8","99","110","5","8","12","13","30","28","56","38","30","24","10670","2834","128","114","22","22","87","39","1557","366","120","87","29","29","13","21","16","24","29","29","68","58","43","42","25","25","23","22","23","22","45","48","75","47","0","14","104","80","0","14","0","14","0","14","11","17","5","9","24","37","0","14","91","60","12","17","38","50","41","40","0","14","32","31","32","31","14","21","18","27","0","14","0","14","0","14","91","60","18","27","14","21","59","34",(X),(X),(X),(X),(X),(X),(X),(X),(X),(X),(X),(X),(X),(X),(X),(X),"44","29","0","14","44","29","0","14","0","14","0","14","11","17","5","8","0","14","5","7","6","10","17","19",(X),(X),"0","14","0","14","44","29","120","87","7.7","6.2","9.6","12.0","27.1","44.6","6.3","11.2","9.6","12.0","6.7","6.1","11.0","11.3","4.0","4.2","7.0","6.6","9.8","9.8","7.4","7.9","7.9","6.0","-",**,"8.8","7.2","-",**,"0.0","59.0","-",**,"6.2","12.1","3.1","7.5","20.2","38.2","-",**,"8.0","5.8","11.2","15.6","15.5","19.8","9.9","9.7","0.0","10.9","3.9","4.0","4.0","4.1","4.2","6.3","3.8","6.0","0.0","72.3","0.0","97.9","0.0","100.0","7.1","5.1","2.8","4.4","4.1","6.8","19.7","11.2",(X),(X),(X),(X),(X),(X),(X),(X),(X),(X),(X),(X),(X),(X),(X),(X),"18.6","15.5","0.0","49.5","23.2","22.4","-",**,"-",**,"0.0","100.0","11.1","23.4","100.0","100.0","0.0","97.9","16.7","26.6","10.7","22.5","56.7","39.1",(X),(X),"0.0","27.6","0.0","72.3","50.6","29.6","7.7","6.2",,"36081040200",7.7,0.115566596337686,0.0123883873852284,Retention Street,1048367.04615422,194402.186164048
57,"608","4",Queens,"060800","4060800",I,Cambria Heights,QN1304,QN13,QN13 Queens Village-Bellerose-Rosedale (CD 13 Approximation),"36081060800","4413",6176.48636412,2271701.81612,446,"36081060800","Census Tract 608; Queens County; New York","1464","232","277","163","7","2","270","163","277","163","935","193","314","107","621","129","356","115","252","75","708","131","756","179","8","13","1318","245","0","14","122","90","0","14","0","14","16","21","39","34","8","13","1121","185","51","34","372","124","220","104","478","132","786","176","723","171","289","101","434","128","63","30","58","28","5","8","1215","192","420","102","381","146","414","118","54","51","160","86","160","86","305","187","305","187","506","222","649","227","805","229","185","94","49","37","136","80","0","14","0","14","13","17","69","65","34","34","11","13","31","50","3","4","24","24",N,N,"15","40","96","56","74","56","1464","232","108","79","0","14","0","14","0","14","0","14","95","77","30","28","65","58","44","53","13","16","32","28","76","60","0","14","79","69","0","14","26","34","0","14","0","14","3","6","3","6","0","14","78","61","0","14","9","11","47","54","22","26","48","50","31","31","0","14","31","31","17","21","17","21","0","14","108","79","18","24","13","17","77","59",(X),(X),(X),(X),(X),(X),(X),(X),(X),(X),(X),(X),(X),(X),(X),(X),"63","61","13","17","50","53","0","14","0","14","13","17","0","14","13","17","3","6","31","50","3","4","0","14",(X),(X),"0","14","13","17","50","52","108","79","7.4","5.5","0.0","14.2","0.0","100.0","0.0","14.5","0.0","14.2","10.2","7.8","9.6","9.9","10.5","8.4","12.4","12.9","5.2","6.2","4.5","4.3","10.1","7.8","0.0","100.0","6.0","5.4","-",**,"21.3","18.3","-",**,"-",**,"18.8","46.6","7.7","21.5","0.0","100.0","7.0","5.2","0.0","47.5","2.4","3.1","21.4","21.2","4.6","5.2","6.1","6.4","4.3","4.3","0.0","13.6","7.1","7.5","27.0","33.4","29.3","36.2","0.0","100.0","8.9","6.1","4.3","6.0","3.4","4.4","18.6","11.8",(X),(X),(X),(X),(X),(X),(X),(X),(X),(X),(X),(X),(X),(X),(X),(X),"34.1","27.7","26.5","42.9","36.8","30.9","-",**,"-",**,"100.0","94.1","0.0","40.8","38.2","34.1","27.3","65.2","100.0","60.9","100.0","100.0","0.0","69.2",(X),(X),"0.0","87.6","13.5","18.2","67.6","32.8","7.4","5.5",,"36081060800",7.4,0.147013645516963,0.0254937450164946,Retention Street,1055986.92568398,192080.723331733
58,"238","4",Queens,"023800","4023800",E,Jamaica,QN1201,QN12,QN12 Jamaica-St. Albans-Hollis (CD 12 Approximation),"36081023800","4412",5362.84753809,1686741.45498,188,"36081023800","Census Tract 238; Queens County; New York","4495","630","922","291","206","92","716","294","922","291","2951","535","1051","239","1900","371","860","188","622","136","2372","471","2123","343","76","57","462","215","16","25","1632","370","0","14","1955","517","354","176","2039","479","44","42","3247","526","1265","326","717","189","681","222","584","220","2308","411","2014","397","1253","302","761","214","294","149","134","91","160","82","3716","566","1520","361","781","171","1415","267","260","165","1244","389","1474","413","2041","462","2189","458","2986","579","3752","596","4010","603","710","200","360","144","350","144","0","14","0","14","47","43","198","104","61","65","149","102","95","73","118","76","42","40","8728","2998","372","149","117","94","221","81","4435","631","1044","358","245","158","100","74","145","127","245","158","556","201","208","108","348","159","275","153","243","141","537","247","507","179","0","14","68","61","0","14","502","265","0","14","379","222","95","102","417","224","0","14","715","241","350","157","158","92","146","134","61","48","286","154","236","142","216","137","20","22","50","55","14","23","36","39","799","246","172","150","109","71","518","166",(X),(X),(X),(X),(X),(X),(X),(X),(X),(X),(X),(X),(X),(X),(X),(X),"175","66","49","41","126","64","0","14","0","14","36","38","58","48","0","14","0","14","26","22","36","41","19","30",(X),(X),"23","27","7","10","145","60","990","357","23.2","8.0","26.6","17.1","48.5","27.9","20.3","17.9","26.6","17.1","18.8","6.9","19.8","9.5","18.3","8.4","32.0","15.3","39.1","18.5","22.6","10.0","23.9","8.5","0.0","38.9","14.7","12.9","0.0","84.8","30.8","14.9","-",**,"19.4","11.3","26.8","24.6","20.5","10.8","0.0","51.1","22.0","7.6","27.7","13.2","22.0","11.6","21.4","16.6","10.4","8.3","12.4","6.2","11.7","6.6","17.2","10.0","2.6","2.8","17.0","18.3","10.4","19.2","22.5","21.2","21.5","6.9","11.3","9.0","14.0","9.4","36.6","11.6",(X),(X),(X),(X),(X),(X),(X),(X),(X),(X),(X),(X),(X),(X),(X),(X),"24.6","9.1","13.6","11.4","36.0","19.0","-",**,"-",**,"76.6","38.9","29.3","23.3","0.0","43.4","0.0","24.4","27.4","30.1","30.5","32.8","45.2","53.9",(X),(X),"6.2","6.2","6.0","10.7","65.6","22.2","22.3","8.1",,"36081023800",23.2,0.232542090635825,0.0256195706845177,Retention Street,1037196.03596675,196265.661704038
59,"208","4",Queens,"020800","4020800",E,Jamaica,QN1201,QN12,QN12 Jamaica-St. Albans-Hollis (CD 12 Approximation),"36081020800","4412",11937.0810444,5843282.2822,173,"36081020800","Census Tract 208; Queens County; New York","4178","816","1218","426","216","157","1002","375","1218","426","2640","475","837","206","1803","416","495","246","320","176","2060","490","2118","415","684","611","1454","439","0","14","660","429","0","14","1274","421","106","68","1033","429","631","606","2748","485","933","406","554","258","645","182","616","168","2310","399","2043","412","1102","294","941","197","267","176","15","20","252","173","3066","522","1206","258","1134","296","726","210","393","330","821","386","1270","432","1924","740","2053","740","2591","807","3013","821","3342","809","621","176","309","128","312","143","0","14","0","14","37","50","163","104","139","100","141","97","76","62","30","36","35","38","6715","2553","314","141","157","116","150","59","4108","815","615","325","252","166","47","78","205","137","252","166","312","164","167","102","145","123","51","51","51","51","320","185","295","181","18","35","500","298","0","14","0","14","0","14","81","68","16","26","83","71","9","28","319","153","133","90","21","30","143","100","22","39","213","119","208","118","62","83","146","98","5","9","5","9","0","14","368","182","39","53","191","129","138","94",(X),(X),(X),(X),(X),(X),(X),(X),(X),(X),(X),(X),(X),(X),(X),(X),"150","91","86","76","64","42","0","14","0","14","11","16","33","27","0","14","37","59","22","28","12","25","35","38",(X),(X),"9","17","50","62","91","65","571","313","14.7","7.3","20.7","13.3","21.8","31.6","20.5","14.0","20.7","13.3","11.8","5.8","20.0","11.0","8.0","6.3","10.3","10.1","15.9","15.2","15.5","8.6","13.9","8.0","2.6","5.8","34.4","17.1","-",**,"0.0","6.2","-",**,"6.4","4.6","15.1","24.1","8.0","6.1","1.4","5.1","11.6","5.1","14.3","8.7","3.8","5.3","22.2","14.1","3.6","5.9","9.2","5.0","10.2","5.5","5.6","7.2","15.5","10.3","1.9","4.0","33.3","57.7","0.0","15.5","12.0","5.6","3.2","4.4","16.8","11.2","19.0","11.8",(X),(X),(X),(X),(X),(X),(X),(X),(X),(X),(X),(X),(X),(X),(X),(X),"24.2","16.1","27.8","24.0","20.5","16.0","-",**,"-",**,"29.7","70.3","20.2","21.3","0.0","25.9","26.2","37.2","28.9","36.1","40.0","60.0","100.0","57.3",(X),(X),"2.9","5.3","31.8","39.9","60.7","35.1","13.9","7.2",,"36081020800",14.7,0.22983456017682,0.0376190037390453,Cloudburst Road,1037801.58496354,193776.999477832
60,"522","4",Queens,"052200","4052200",I,St. Albans,QN1205,QN12,QN12 Jamaica-St. Albans-Hollis (CD 12 Approximation),"36081052200","4412",6248.71226815,1827899.17757,384,"36081052200","Census Tract 522; Queens County; New York","2233","293","384","110","49","35","335","115","384","110","1517","267","575","155","942","199","441","112","332","101","1046","186","1187","182","0","14","1631","280","7","13","112","132","0","14","236","189","247","230","328","176","0","14","1626","261","148","54","609","168","500","151","369","139","1094","250","950","150","463","105","487","122","144","149","67","77","77","75","1910","285","696","142","466","180","748","182","110","75","407","201","441","215","510","231","510","231","788","253","1230","318","1471","292","220","130","59","40","161","108","0","14","0","14","0","14","36","58","90","91","15","18","35","28","26","21","18","20","9521","4555","24","27","52","77","144","93","2227","292","383","196","77","51","7","2","70","51","77","51","256","141","142","119","114","57","69","70","50","58","166","85","217","118","0","14","181","138","0","14","111","131","0","14","85","131","6","3","85","131","0","14","258","150","8","6","125","75","33","32","92","104","75","48","65","48","20","34","45","47","10","3","10","3","0","14","336","188","42","50","38","39","256","159",(X),(X),(X),(X),(X),(X),(X),(X),(X),(X),(X),(X),(X),(X),(X),(X),"82","72","30","32","52","50","0","14","0","14","0","14","36","58","30","41","0","14","15","16","0","14","1","2",(X),(X),"0","14","1","2","81","72","380","196","17.2","8.3","20.1","12.4","14.3","10.0","20.9","14.4","20.1","12.4","16.9","9.1","24.7","17.2","12.1","6.9","15.6","13.7","15.1","15.3","15.9","8.2","18.3","9.0","-",**,"11.1","8.1","0.0","100.0","99.1","2.5","-",**,"36.0","47.9","2.4","4.1","25.9","33.4","-",**,"15.9","8.7","5.4","4.6","20.5","11.6","6.6","6.4","24.9","24.3","6.9","4.5","6.8","5.0","4.3","7.2","9.2","9.3","6.9","8.5","14.9","23.1","0.0","38.6","17.6","9.2","6.0","6.9","8.2","8.6","34.2","16.7",(X),(X),(X),(X),(X),(X),(X),(X),(X),(X),(X),(X),(X),(X),(X),(X),"37.3","23.4","50.8","35.1","32.3","25.7","-",**,"-",**,"-",**,"100.0","56.5","33.3","43.7","0.0","87.6","42.9","43.4","0.0","66.5","5.6","11.8",(X),(X),"0.0","69.2","1.9","5.2","56.3","22.2","17.1","8.3",,"36081052200",17.2,0.17892773900891,0.0164573895575407,Retention Street,1051526.57006143,194560.509637394
61,"368","4",Queens,"036800","4036800",I,St. Albans,QN1205,QN12,QN12 Jamaica-St. Albans-Hollis (CD 12 Approximation),"36081036800","4412",6421.1736763,2510060.47688,274,"36081036800","Census Tract 368; Queens County; New York","2899","679","613","291","182","163","431","159","595","285","1993","440","851","279","1142","221","559","153","293","106","1375","299","1524","429","24","25","2505","692","0","14","0","14","0","14","227","160","143","127","92","110","24","25","2079","406","165","94","659","188","794","326","461","123","1587","318","1499","320","767","207","732","169","88","46","52","39","36","25","2336","431","1387","381","297","110","652","188","124","90","201","145","201","145","249","167","368","204","874","368","1422","431","1774","440","336","141","247","107","89","52","18","28","0","14","0","14","72","76","63","46","34","55","45","37","63","57","41","42",N,N,"171","87","35","38","130","86","2899","679","173","131","31","44","0","14","31","44","13","24","118","88","66","59","52","40","26","27","24","27","66","51","107","87","24","25","148","124","0","14","0","14","0","14","0","14","1","3","0","14","24","25","120","83","0","14","35","44","39","32","46","35","66","56","36","44","16","22","20","23","30","29","16","21","14","20","149","105","5","10","38","47","106","86",(X),(X),(X),(X),(X),(X),(X),(X),(X),(X),(X),(X),(X),(X),(X),(X),"77","70","42","37","35","39","18","28","0","14","0","14","37","40","15","20","0","14","0","14","7","11","0","14",(X),(X),"0","14","8","13","69","67","173","131","6.0","4.5","5.1","7.4","0.0","20.6","7.2","10.2","2.2","4.1","5.9","4.5","7.8","6.7","4.6","3.7","4.7","4.8","8.2","9.1","4.8","3.7","7.0","6.0","100.0","69.2","5.9","5.1","-",**,"-",**,"-",**,"0.0","17.0","0.7","2.0","0.0","35.0","100.0","69.2","5.8","4.0","0.0","22.5","5.3","5.8","4.9","4.6","10.0","7.9","4.2","3.7","2.4","3.0","2.1","3.0","2.7","3.3","34.1","25.8","30.8","31.8","38.9","39.6","6.4","4.5","0.4","0.7","12.8","14.2","16.3","11.6",(X),(X),(X),(X),(X),(X),(X),(X),(X),(X),(X),(X),(X),(X),(X),(X),"22.9","16.0","17.0","12.7","39.3","34.6","100.0","79.9","-",**,"-",**,"51.4","17.8","23.8","31.2","0.0","58.2","0.0","50.6","11.1","30.3","0.0","53.0",(X),(X),"0.0","21.8","22.9","22.5","53.1","38.1","6.0","4.5",,"36081036800",6,0.145290866779447,0.014501383403303,Retention Street,1049014.30496733,189045.422773192
62,"528","4",Queens,"052800","4052800",I,St. Albans,QN1205,QN12,QN12 Jamaica-St. Albans-Hollis (CD 12 Approximation),"36081052800","4412",6980.71547518,1941579.97444,388,"36081052800","Census Tract 528; Queens County; New York","1577","383","403","146","166","107","237","105","403","146","884","236","328","162","556","147","412","174","290","129","750","230","827","194","14","20","1145","285","0","14","0","14","0","14","221","179","197","225","121","108","0","14","1084","267","137","88","369","138","251","76","327","164","654","163","590","160","290","129","300","119","64","42","21","27","43","39","1240","294","573","157","135","61","532","213","132","99","257","157","308","165","392","217","407","216","695","283","896","315","1024","332","324","148","131","97","193","87","0","14","0","14","20","33","14","24","56","37","41","57","65","46","118","114","10","8","11462","3902","134","85","5","8","185","134","1577","383","178","110","10","15","0","14","10","15","10","15","145","86","45","66","100","56","59","46","23","27","86","68","92","60","0","14","151","102","0","14","0","14","0","14","27","41","0","14","27","41","0","14","130","65","17","26","48","36","41","35","24","36","30","32","10","15","10","15","0","14","20","28","0","14","20","28","168","106","10","15","0","14","158","105",(X),(X),(X),(X),(X),(X),(X),(X),(X),(X),(X),(X),(X),(X),(X),(X),"98","56","42","38","56","48","0","14","0","14","20","33","0","14","32","33","0","14","46","42","0","14","0","14",(X),(X),"10","15","0","14","88","55","178","110","11.3","6.9","2.5","3.7","0.0","22.3","4.2","6.7","2.5","3.7","16.4","9.7","13.7","18.2","18.0","9.8","14.3","10.1","7.9","8.8","11.5","8.5","11.1","7.5","0.0","90.6","13.2","8.4","-",**,"-",**,"-",**,"12.2","19.6","0.0","19.3","22.3","39.6","-",**,"12.0","6.5","12.4","19.8","13.0","10.1","16.3","13.2","7.3","11.0","4.6","5.0","1.7","2.6","3.4","5.2","0.0","13.2","31.3","35.0","0.0","74.0","46.5","50.7","13.5","8.1","1.7","2.7","0.0","26.5","29.7","14.8",(X),(X),(X),(X),(X),(X),(X),(X),(X),(X),(X),(X),(X),(X),(X),(X),"30.2","16.4","32.1","22.0","29.0","23.0","-",**,"-",**,"100.0","75.8","0.0","90.6","57.1","46.4","0.0","53.0","70.8","29.9","0.0","29.4","0.0","100.0",(X),(X),"7.5","13.5","0.0","100.0","47.6","27.1","11.3","6.9",,"36081052800",11.3,0.150368977213421,0.0154243520916565,Retention Street,1051155.358477,192224.333976743
63,"366","4",Queens,"036600","4036600",I,St. Albans,QN1205,QN12,QN12 Jamaica-St. Albans-Hollis (CD 12 Approximation),"36081036600","4412",11239.1989217,3986950.25954,272,"36081036600","Census Tract 366; Queens County; New York","3126","536","548","245","145","118","403","175","539","245","1882","430","740","222","1142","297","927","233","696","205","1318","319","1808","335","6","11","2596","575","0","14","128","145","0","14","213","225","183","205","390","289","6","11","2343","416","462","155","695","248","619","188","567","262","1399","474","1337","447","691","266","646","219","62","73","62","73","0","14","2619","404","1084","422","328","201","1207","234","230","175","716","334","1014","386","1187","369","1199","369","1351","382","1669","358","2068","371","521","211","184","104","337","140","9","15","0","14","34","42","95","140","40","35","17","22","34","30","77","70","215","116","8032","3313","58","51","28","27","435","196","3117","535","372","195","9","15","0","14","9","15","0","14","123","140","105","139","18","17","242","155","240","155","129","90","243","125","5","10","268","178","0","14","99","139","0","14","0","14","0","14","10","17","5","10","353","197","91","85","249","195","11","16","2","7","13","17","2","4","2","4","0","14","11","16","11","16","0","14","363","196","0","14","2","4","361","196",(X),(X),(X),(X),(X),(X),(X),(X),(X),(X),(X),(X),(X),(X),(X),(X),"274","177","80","74","194","122","9","15","0","14","10","16","95","140","2","5","2","4","14","17","32","46","110","86",(X),(X),"0","14","2","4","272","177","364","196","11.9","7.0","1.6","3.1","0.0","25.0","2.2","3.9","0.0","7.6","6.5","7.6","14.2","18.1","1.6","1.6","26.1","14.1","34.5","18.8","9.8","7.3","13.4","7.7","83.3","67.1","10.3","7.6","-",**,"77.3","45.8","-",**,"0.0","18.0","0.0","20.6","2.6","4.6","83.3","67.1","15.1","8.6","19.7","19.7","35.8","22.3","1.8","2.9","0.4","1.3","0.9","1.4","0.1","0.3","0.3","0.6","0.0","6.4","17.7","35.4","17.7","35.4","-",**,"13.9","7.8","0.0","3.8","0.6","1.4","29.9","15.5",(X),(X),(X),(X),(X),(X),(X),(X),(X),(X),(X),(X),(X),(X),(X),(X),"52.6","20.0","43.5","29.1","57.6","22.0","100.0","100.0","-",**,"29.4","54.0","100.0","34.2","5.0","11.0","11.8","38.7","41.2","43.3","41.6","49.1","51.2","26.0",(X),(X),"0.0","44.5","7.1","19.8","62.5","20.9","11.7","7.1",,"36081036600",11.9,0.173227305312839,0.0396803776159527,Cloudburst Road,1049952.82903691,189166.064646482
64,"444","4",Queens,"044400","4044400",I,Jamaica,QN1201,QN12,QN12 Jamaica-St. Albans-Hollis (CD 12 Approximation),"36081044400","4412",20655.6749293,9702220.801,318,"36081044400","Census Tract 444; Queens County; New York","4139","857","781","222","246","131","535","166","781","222","2814","747","1402","535","1412","305","917","248","544","171","1990","549","2149","417","47","50","1468","406","0","14","972","780","31","57","1222","442","399","234","930","358","47","50","2866","598","719","222","909","388","664","180","574","232","2069","541","1730","501","858","422","872","239","339","146","194","103","145","84","3413","741","1268","477","733","208","1412","328","503","273","950","348","1069","346","1596","447","1684","477","2379","513","2878","507","3662","839","808","175","337","149","471","159","0","14","0","14","61","70","227","124","105","94","42","48","125","110","98","83","150","88","7479","1563","266","143","120","110","422","161","4000","850","882","327","187","158","61","78","126","97","187","158","547","229","251","144","296","157","200","92","148","74","381","180","501","191","40","47","367","261","0","14","71","59","0","14","304","205","100","100","182","152","40","47","617","215","210","116","108","102","271","138","28","44","219","151","111","99","7","17","104","94","108","86","73","57","35","42","717","235","14","23","191","144","512","180",(X),(X),(X),(X),(X),(X),(X),(X),(X),(X),(X),(X),(X),(X),(X),(X),"404","152","156","100","248","122","0","14","0","14","5","12","142","121","9","26","4","14","96","93","58","49","90","63",(X),(X),"0","14","99","107","305","132","795","320","21.3","9.1","23.9","18.6","24.8","29.9","23.6","17.0","23.9","18.6","19.4","9.7","17.9","12.2","21.0","10.8","21.8","11.3","27.2","14.9","19.1","10.3","23.3","9.6","85.1","31.6","25.0","16.8","-",**,"7.3","9.8","0.0","60.9","24.9","16.0","25.1","23.9","19.6","17.6","85.1","31.6","21.5","9.1","29.2","14.3","11.9","11.6","40.8","16.8","4.9","7.8","10.6","7.4","6.4","6.0","0.8","2.2","11.9","10.9","31.9","20.2","37.6","25.9","24.1","24.8","21.0","8.6","1.1","2.0","26.1","17.2","36.3","13.0",(X),(X),(X),(X),(X),(X),(X),(X),(X),(X),(X),(X),(X),(X),(X),(X),"50.0","15.1","46.3","21.4","52.7","22.0","-",**,"-",**,"8.2","25.6","62.6","31.8","8.6","24.5","9.5","31.7","76.8","26.3","59.2","30.9","60.0","29.0",(X),(X),"0.0","14.7","82.5","30.4","72.3","17.0","19.9","9.3",,"36081044400",21.3,0.254339391330701,0.0427136662128016,Cloudburst Road,1044751.27046023,196487.961454919
65,"460","4",Queens,"046000","4046000",E,Jamaica,QN1201,QN12,QN12 Jamaica-St. Albans-Hollis (CD 12 Approximation),"36081046000","4412",6262.83145274,2382630.48323,330,"36081046000","Census Tract 460; Queens County; New York","5945","875","1817","515","525","258","1292","430","1817","515","3186","679","1455","545","1731","296","1266","284","942","243","2985","610","2960","490","205","171","949","315","57","98","1952","567","0","19","2264","826","518","488","2045","772","205","171","3371","439","847","234","789","260","755","198","980","296","2589","705","2357","699","1420","496","937","275","232","120","167","112","65","59","4428","740","1585","683","1002","240","1841","347","650","355","2030","639","2301","661","2968","695","3120","665","3951","686","5012","831","5215","854","780","204","314","142","466","165","0","19","0","19","82","79","162","97","20","34","137","111","133","86","94","64","152","86","9978","2101","279","121","177","83","324","125","5904","875","1326","541","526","362","66","53","460","365","526","362","619","254","195","110","424","225","262","101","181","93","659","358","667","258","30","34","120","92","0","19","446","311","0","19","703","514","27","34","517","414","30","34","663","233","270","136","196","121","57","62","140","175","361","212","300","199","97","102","203","137","61","55","26","36","35","41","970","351","48","70","293","186","629","248",(X),(X),(X),(X),(X),(X),(X),(X),(X),(X),(X),(X),(X),(X),(X),(X),"320","124","88","74","232","127","0","19","0","19","54","56","46","27","0","19","58","73","57","53","21","29","84","69",(X),(X),"48","70","57","22","215","99","1285","542","22.3","8.3","28.9","16.7","12.6","10.7","35.6","21.4","28.9","16.7","19.4","7.2","13.4","8.1","24.5","10.7","20.7","8.2","19.2","10.5","22.1","11.0","22.5","7.6","14.6","22.8","12.6","9.9","0.0","44.9","22.8","14.1","-",**,"31.1","21.5","5.2","10.1","25.3","19.5","14.6","22.8","19.7","6.6","31.9","14.8","24.8","15.0","7.5","8.1","14.3","16.2","13.9","7.2","12.7","7.5","6.8","7.4","21.7","11.4","26.3","22.1","15.6","22.2","53.8","45.1","21.9","7.4","3.0","3.4","29.2","15.4","34.2","11.9",(X),(X),(X),(X),(X),(X),(X),(X),(X),(X),(X),(X),(X),(X),(X),(X),"41.0","11.6","28.0","18.9","49.8","18.3","-",**,"-",**,"65.9","42.8","28.4","16.8","0.0","75.8","42.3","40.2","42.9","29.2","22.3","27.2","55.3","25.1",(X),(X),"17.2","23.2","32.2","16.7","66.4","14.0","21.8","8.3",,"36081046000",22.3,0.218604081912467,0.0277519829309217,Retention Street,1041504.10279979,197381.278752532
66,"334.04","4",Queens,"033404","4033404",E,Springfield Gardens (North)-Rochdale Village,QN1204,QN12,QN12 Jamaica-St. Albans-Hollis (CD 12 Approximation),"36081033404","4412",7130.09864205,2473631.61121,259,"36081033404","Census Tract 334.04; Queens County; New York","6091","1358","1114","541","98","115","1016","510","1049","556","3828","981","1353","520","2475","621","1655","473","1149","284","2250","645","3841","939","88","88","5425","1239","0","19","71","95","0","19","0","19","507","623","166","140","88","88","4344","891","356","186","959","327","1707","630","1322","460","3253","757","3004","704","1221","425","1783","446","249","220","169","206","80","78","5165","1174","2154","517","1166","463","1845","621","784","502","2089","1147","2193","1142","2256","1167","2525","1193","3388","1250","4061","1256","4890","1409","1347","328","562","226","785","324","65","104","0","19","36","44","242","190","163","159","94","101","325","206","396","180","26","42","12493","1585","664","233","195","127","488","299","6091","1358","994","552","202","161","0","19","202","161","137","122","638","373","122","142","516","349","182","131","154","122","195","143","799","550","0","19","908","508","0","19","0","19","0","19","0","19","86","138","0","19","0","19","777","464","107","139","121","124","331","193","218","305","192","149","175","148","76","118","99","101","17","26","0","19","17","26","792","458","97","120","134","116","561","448",(X),(X),(X),(X),(X),(X),(X),(X),(X),(X),(X),(X),(X),(X),(X),(X),"448","288","150","138","298","273","65","104","0","19","15","32","86","138","33","56","78","98","104","125","41","45","26","42",(X),(X),"76","118","56","61","316","271","994","552","16.3","8.6","18.1","16.4","0.0","33.6","19.9","18.1","13.1","12.9","16.7","8.9","9.0","8.6","20.8","12.7","11.0","8.3","13.4","10.0","8.7","6.6","20.8","12.4","0.0","35.9","16.7","9.3","-",**,"0.0","40.2","-",**,"-",**,"17.0","26.5","0.0","22.3","0.0","35.9","17.9","9.7","30.1","35.6","12.6","12.6","19.4","12.4","16.5","19.4","5.9","4.7","5.8","5.0","6.2","9.7","5.6","5.8","6.8","14.0","0.0","22.0","21.3","39.6","15.3","8.3","4.5","5.5","11.5","9.9","30.4","18.0",(X),(X),(X),(X),(X),(X),(X),(X),(X),(X),(X),(X),(X),(X),(X),(X),"33.3","16.4","26.7","21.3","38.0","23.7","100.0","42.1","-",**,"41.7","58.3","35.5","44.3","20.2","36.5","83.0","35.5","32.0","35.4","10.4","11.5","100.0","66.5",(X),(X),"11.4","17.3","28.7","26.6","64.8","26.5","16.3","8.6",,"36081033404",16.3,0.152291265078549,0.00828407233494299,Retention Street,1047383.49947447,185254.918341313
67,"512","4",Queens,"051200","4051200",I,Queens Village,QN1303,QN13,QN13 Queens Village-Bellerose-Rosedale (CD 13 Approximation),"36081051200","4413",10480.7019237,4044798.65121,376,"36081051200","Census Tract 512; Queens County; New York","2682","474","423","137","87","82","336","135","423","137","1795","479","783","319","1012","226","649","223","464","215","1354","254","1328","321","84","48","1563","448","0","14","401","241","0","14","438","288","196","114","365","220","78","47","1894","395","330","129","451","145","632","259","481","167","1470","394","1320","377","704","220","616","201","150","80","68","63","82","49","2351","442","1053","330","495","190","803","233","106","66","404","230","429","229","467","243","486","244","776","323","1089","401","1644","370","306","128","161","71","145","119","0","14","0","14","10","15","116","120","31","31","12","19","56","50","36","29","45","49",N,N,"126","119","21","21","159","72","2679","474","338","222","95","104","0","14","95","104","95","104","193","120","49","43","144","105","69","54","50","48","221","129","117","119","16","21","199","163","0","14","110","171","0","14","13","22","0","14","13","22","16","21","214","116","68","62","124","86","22","25","0","14","50","48","50","48","0","14","50","48","0","14","0","14","0","14","243","129","43","46","7","11","193","95",(X),(X),(X),(X),(X),(X),(X),(X),(X),(X),(X),(X),(X),(X),(X),(X),"129","73","127","72","2","3","0","14","0","14","10","15","13","22","14","21","0","14","48","49","8","12","36","47",(X),(X),"0","14","0","14","129","73","336","223","12.6","8.2","22.5","20.7","0.0","36.2","28.3","24.2","22.5","20.7","10.8","7.1","6.3","5.9","14.2","9.9","10.6","9.1","10.8","10.6","16.3","9.5","8.8","8.6","19.0","23.6","12.7","10.8","-",**,"27.4","36.0","-",**,"3.0","4.2","0.0","19.4","3.6","5.7","20.5","25.2","11.3","6.7","20.6","17.6","27.5","15.4","3.5","4.3","0.0","8.5","3.4","3.4","3.8","3.8","0.0","5.9","8.1","7.7","0.0","24.3","0.0","41.1","0.0","37.4","10.3","6.0","4.1","4.6","1.4","2.3","24.0","12.1",(X),(X),(X),(X),(X),(X),(X),(X),(X),(X),(X),(X),(X),(X),(X),(X),"42.2","24.4","78.9","17.9","1.4","2.4","-",**,"-",**,"100.0","100.0","11.2","19.0","45.2","51.0","0.0","97.9","85.7","28.0","22.2","33.5","80.0","36.2",(X),(X),"0.0","28.0","0.0","74.0","81.1","18.0","12.5","8.2",,"36081051200",12.6,0.162509759854225,0.0194902478459897,Retention Street,1053526.14330476,198197.01182438
68,"334.03","4",Queens,"033403","4033403",E,Springfield Gardens (North)-Rochdale Village,QN1204,QN12,QN12 Jamaica-St. Albans-Hollis (CD 12 Approximation),"36081033403","4412",6944.72822047,2720742.62593,258,"36081033403","Census Tract 334.03; Queens County; New York","4327","677","655","387","250","220","405","304","655","387","2641","490","746","306","1895","382","1429","315","1031","238","1740","365","2587","540","104","84","3891","685","0","14","108","129","0","14","33","39","191","244","200","233","70","62","3519","492","471","223","732","336","1247","317","1069","382","2261","536","2074","508","829","298","1245","357","187","137","187","137","0","14","3723","497","1538","498","653","250","1532","301","631","520","1092","569","1182","585","1450","598","1616","590","2215","595","2953","599","3463","546","1233","306","499","200","734","264","0","14","0","14","0","14","21","35","238","162","283","205","160","129","279","141","252","162",N,N,"372","195","169","152","692","234","4327","677","952","539","341","302","108","170","233","263","341","302","478","277","135","128","343","204","180","153","133","128","291","287","661","353","0","14","937","538","0","14","0","14","0","14","15","26","0","14","15","26","0","14","550","276","190","163","0","14","245","176","115","120","189","183","128","162","0","14","128","162","61","94","61","94","0","14","662","337","0","14","198","193","464","235",(X),(X),(X),(X),(X),(X),(X),(X),(X),(X),(X),(X),(X),(X),(X),(X),"305","193","47","78","258","177","0","14","0","14","0","14","21","35","15","26","71","108","110","122","29","50","59","94",(X),(X),"0","14","15","26","290","191","952","539","22.0","11.4","52.1","29.7","43.2","49.6","57.5","36.7","52.1","29.7","18.1","10.4","18.1","16.5","18.1","10.8","12.6","10.3","12.9","11.6","16.7","15.5","25.6","12.2","0.0","32.2","24.1","12.5","-",**,"0.0","31.4","-",**,"45.5","54.5","0.0","19.8","7.5","19.7","0.0","40.5","15.6","8.1","40.3","27.6","0.0","5.6","19.6","13.4","10.8","11.1","8.4","8.2","6.2","7.8","0.0","5.0","10.3","12.5","32.6","47.5","32.6","47.5","-",**,"17.8","9.0","0.0","2.7","30.3","23.6","30.3","13.4",(X),(X),(X),(X),(X),(X),(X),(X),(X),(X),(X),(X),(X),(X),(X),(X),"24.7","13.8","9.4","17.4","35.1","17.8","-",**,"-",**,"-",**,"100.0","74.0","6.3","11.6","25.1","35.8","68.8","36.0","10.4","17.8","23.4","33.9",(X),(X),"0.0","10.8","8.9","18.1","41.9","20.8","22.0","11.4",,"36081033403",22,0.200785996929086,0.00581649487916883,Retention Street,1046480.14938633,186212.583104927
69,"508","4",Queens,"050800","4050800",I,Hollis,QN1206,QN12,QN12 Jamaica-St. Albans-Hollis (CD 12 Approximation),"36081050800","4412",6330.86582497,2363416.32278,373,"36081050800","Census Tract 508; Queens County; New York","2035","481","364","178","179","131","185","109","344","169","1308","336","616","202","692","186","409","104","363","96","1034","280","1001","265","4","7","1654","498","0","14","248","226","0","14","31","33","98","104","121","113","4","7","1422","306","99","64","295","108","663","202","365","165","1018","276","945","258","518","182","427","145","73","69","20","23","53","59","1680","368","689","226","362","107","629","147","80","55","266","138","266","138","278","139","310","149","761","228","1288","321","1447","334","288","101","156","78","132","68","20","31","0","14","9","14","41","56","43","38","39","38","47","37","56","38","33","31","12164","3321","80","67","47","34","161","57","2035","481","215","115","49","41","29","30","20","31","29","30","144","81","16","21","128","80","22","24","22","24","121","67","94","71","0","14","106","81","0","14","78","83","0","14","31","33","0","14","31","33","0","14","150","97","35","29","31","34","38","35","46","53","54","57","24","26","24","26","0","14","30","54","8","16","22","38","166","95","5","10","28","29","133","83",(X),(X),(X),(X),(X),(X),(X),(X),(X),(X),(X),(X),(X),(X),(X),(X),"90","51","51","43","39","32","20","31","0","14","9","14","0","14","31","33","0","14","15","25","15","15","0","14",(X),(X),"0","14","9","14","81","50","215","115","10.6","5.7","13.5","11.1","16.2","17.6","10.8","14.4","8.4","9.5","11.0","6.7","2.6","3.5","18.5","12.2","5.4","5.6","6.1","6.4","11.7","6.8","9.4","6.5","0.0","100.0","6.4","4.2","-",**,"31.5","35.9","-",**,"100.0","60.9","0.0","33.6","25.6","30.2","0.0","100.0","10.5","6.9","35.4","22.9","10.5","11.5","5.7","5.7","12.6","16.4","5.3","5.5","2.5","2.9","4.6","5.1","0.0","9.5","41.1","53.5","40.0","60.0","41.5","56.7","9.9","5.8","0.7","1.6","7.7","8.2","21.1","11.7",(X),(X),(X),(X),(X),(X),(X),(X),(X),(X),(X),(X),(X),(X),(X),(X),"31.3","16.0","32.7","24.9","29.5","19.8","100.0","75.8","-",**,"100.0","100.0","0.0","53.0","72.1","41.4","0.0","54.3","31.9","44.1","26.8","19.1","0.0","59.0",(X),(X),"0.0","37.9","19.1","27.1","50.3","23.3","10.6","5.7",,"36081050800",10.6,0.153467460171462,0.0184232822344387,Retention Street,1052059.52327764,196944.469485559
70,"566","4",Queens,"056600","4056600",E,Queens Village,QN1303,QN13,QN13 Queens Village-Bellerose-Rosedale (CD 13 Approximation),"36081056600","4413",5722.75819847,2098775.46636,419,"36081056600","Census Tract 566; Queens County; New York","1546","426","185","116","81","70","104","76","185","116","829","181","346","112","483","124","672","352","532","338","735","207","811","238","31","44","474","260","0","14","255","143","0","14","388","341","398","172","246","204","16","22","1319","371","127","83","490","346","226","88","476","138","687","155","576","150","235","81","341","87","111","55","86","41","25","32","1381","388","428","138","264","92","689","368","68","66","403","342","406","341","557","438","557","438","781","397","991","426","1154","400","93","72","42","42","51","39","0","14","0","14","0","14","10","16","33","53","12","18","1","4","24","28","13","17",N,N,"28","27","41","43","24","24","1542","426","377","335","18","32","18","32","0","14","18","32","52","42","14","17","38","39","307","326","307","326","177","143","200","197","0","14","49","57","0","14","9","18","0","14","243","320","76","99","49","48","0","14","359","329","46","61","248","321","0","14","65","65","8","10","3","8","3","8","0","14","5","7","0","14","5","7","359","329","0","14","25","35","334","332",(X),(X),(X),(X),(X),(X),(X),(X),(X),(X),(X),(X),(X),(X),(X),(X),"35","40","34","40","1","3","0","14","0","14","0","14","10","16","22","34","3","8","0","14","0","14","0","14",(X),(X),"0","14","25","35","10","16","377","335","24.4","17.7","9.7","18.9","22.2","33.4","0.0","32.2","9.7","18.9","6.3","5.0","4.0","4.9","7.9","7.5","45.7","31.6","57.7","32.7","24.1","16.2","24.7","19.6","0.0","60.9","10.3","10.5","-",**,"3.5","7.0","-",**,"62.6","44.7","19.1","30.1","19.9","28.2","0.0","84.8","27.2","19.4","36.2","34.7","50.6","38.8","0.0","17.1","13.7","12.1","1.2","1.5","0.5","1.4","1.3","3.4","0.0","11.7","4.5","6.3","0.0","36.4","20.0","37.6","26.0","18.9","0.0","9.4","9.5","12.3","48.5","30.3",(X),(X),(X),(X),(X),(X),(X),(X),(X),(X),(X),(X),(X),(X),(X),(X),"37.6","23.3","81.0","31.4","2.0","5.7","-",**,"-",**,"-",**,"100.0","100.0","66.7","9.9","25.0","36.5","0.0","100.0","0.0","69.2","0.0","94.1",(X),(X),"0.0","64.1","61.0","54.0","41.7","48.4","24.4","17.7",,"36081056600",24.4,0.199124183079471,0.0119444835308393,Retention Street,1056767.54235143,201603.578504668
71,"294","4",Queens,"029400","4029400",I,Springfield Gardens (North)-Rochdale Village,QN1204,QN12,QN12 Jamaica-St. Albans-Hollis (CD 12 Approximation),"36081029400","4412",15171.4097368,11458904.0847,241,"36081029400","Census Tract 294; Queens County; New York","8509","1378","2198","609","605","286","1593","442","2198","609","5086","970","1589","517","3497","820","1755","286","1225","237","4063","702","4446","850","26","41","6537","1397","122","194","30","42","0","19","693","498","1101","384","1191","647","26","41","5869","879","676","242","1804","470","2375","743","1014","316","4346","908","4003","855","1992","468","2011","519","343","172","191","127","152","98","6412","971","3295","839","919","303","2198","471","857","437","1218","489","1614","577","2090","719","2811","761","4053","1046","4736","1104","5958","1390","1430","324","615","247","815","221","0","19","0","19","26","36","317","204","295","115","192","129","256","108","163","85","181","146","9913","1728","370","186","349","151","711","202","8045","1372","1206","492","202","243","67","105","135","159","202","243","751","274","272","154","479","208","314","178","253","172","484","231","722","310","26","41","984","411","0","19","5","11","0","19","61","85","130","122","322","323","26","41","988","337","455","228","253","144","161","97","119","107","352","221","135","144","72","101","63","69","217","154","147","116","70","81","1004","333","25","45","200","133","779","259",(X),(X),(X),(X),(X),(X),(X),(X),(X),(X),(X),(X),(X),(X),(X),(X),"764","230","298","134","466","190","0","19","0","19","16","26","157","108","149","86","147","120","89","77","71","54","135","138",(X),(X),"0","19","152","101","612","184","855","460","14.2","5.6","9.2","10.2","11.1","17.0","8.5","9.1","9.2","10.2","14.8","5.4","17.1","9.3","13.7","6.8","17.9","9.8","20.7","12.9","11.9","5.5","16.2","7.0","100.0","66.5","15.1","6.1","0.0","28.7","16.7","48.3","-",**,"8.8","12.8","11.8","11.7","27.0","25.7","100.0","66.5","16.8","5.7","67.3","18.0","14.0","7.7","6.8","4.4","11.7","10.1","8.1","4.8","3.4","3.6","3.6","4.9","3.1","3.4","63.3","24.4","77.0","28.9","46.1","36.9","15.7","5.2","0.8","1.4","21.8","11.9","35.4","13.0",(X),(X),(X),(X),(X),(X),(X),(X),(X),(X),(X),(X),(X),(X),(X),(X),"53.4","11.6","48.5","17.9","57.2","14.7","-",**,"-",**,"61.5","61.5","49.5","27.7","50.5","27.1","76.6","27.4","34.8","26.7","43.6","24.6","74.6","32.6",(X),(X),"0.0","10.8","43.6","21.9","86.1","10.1","10.6","5.5",,"36081029400",14.2,0.176704649200234,0.00557949743141502,Retention Street,1044982.57596747,183934.00757421
72,"484","4",Queens,"048400","4048400",I,Hollis,QN1206,QN12,QN12 Jamaica-St. Albans-Hollis (CD 12 Approximation),"36081048400","4412",8758.23905629,4466742.60008,355,"36081048400","Census Tract 484; Queens County; New York","4692","868","919","364","160","109","759","298","898","367","2966","638","1326","409","1640","305","1074","339","807","340","2211","439","2481","537","181","162","538","244","88","96","2593","737","10","19","729","438","553","289","798","413","172","154","3298","566","631","190","888","235","676","214","1103","480","2541","487","2315","450","1121","251","1194","340","226","108","152","86","74","55","3897","663","1772","380","704","229","1421","403","229","135","677","354","856","400","1008","405","1231","458","2206","521","2718","539","3682","791","429","135","122","54","307","120","21","34","0","14","29","34","131","111","58","46","84","70","24","28","73","77","9","14","12213","1650","130","78","122","85","177","97","4499","871","442","253","24","34","0","14","24","34","3","11","265","178","105","110","160","117","162","208","153","208","192","125","250","139","9","19","44","62","0","14","187","209","10","19","78","98","114","161","176","181","0","14","385","264","192","145","47","76","100","110","46","45","131","149","71","120","49","79","22","42","60","48","7","13","53","48","418","264","10","15","82","122","326","234",(X),(X),(X),(X),(X),(X),(X),(X),(X),(X),(X),(X),(X),(X),(X),(X),"210","120","67","52","143","87","21","34","0","14","26","30","72","115","42","37","13","20","24","28","12","20","0","14",(X),(X),"0","14","82","122","128","69","278","231","9.4","5.6","2.6","4.1","0.0","23.0","3.2","4.9","0.3","1.3","8.9","6.0","7.9","8.1","9.8","6.9","15.1","17.1","19.0","22.3","8.7","5.9","10.1","5.9","5.0","11.2","8.2","11.4","0.0","35.9","7.2","8.5","100.0","100.0","10.7","15.7","20.6","26.3","22.1","21.9","0.0","21.7","11.7","7.9","30.4","19.0","5.3","8.7","14.8","15.0","4.2","4.2","5.2","5.8","3.1","5.2","4.4","7.0","1.8","3.6","26.5","20.3","4.6","9.7","71.6","29.3","10.7","6.8","0.6","0.9","11.6","17.0","22.9","14.0",(X),(X),(X),(X),(X),(X),(X),(X),(X),(X),(X),(X),(X),(X),(X),(X),"49.0","22.6","54.9","30.0","46.6","24.4","100.0","74.0","-",**,"89.7","28.2","55.0","55.0","72.4","33.5","15.5","22.9","100.0","69.2","16.4","36.5","0.0","100.0",(X),(X),"0.0","27.3","67.2","67.2","72.3","29.9","6.2","5.3",,"36081048400",9.4,0.16822436348072,0.0263223542719596,Retention Street,1050799.20444946,200158.545785526
73,"558","4",Queens,"055800","4055800",I,Queens Village,QN1303,QN13,QN13 Queens Village-Bellerose-Rosedale (CD 13 Approximation),"36081055800","4413",5807.58701335,2070613.64276,412,"36081055800","Census Tract 558; Queens County; New York","1649","341","228","77","67","41","161","66","228","77","1043","266","308","106","735","188","530","195","378","164","777","206","872","263","198","115","96","66","9","14","691","291","0","14","400","168","255","182","585","236","142","74","1348","294","299","184","316","117","302","103","431","244","1025","268","974","261","434","95","540","215","51","39","35","30","16","15","1437","300","722","271","264","110","451","171","97","86","157","111","175","114","333","191","403","204","732","286","946","286","1022","282","300","167","190","161","110","60","0","14","0","14","0","14","20","23","43","37","46","41","23","28","168","160","0","14",N,N,"121","58","22","25","157","159","1649","341","103","87","49","57","25","29","24","29","49","57","31","31","20","23","11","12","28","21","23","19","5","7","98","87","0","14","0","14","0","14","9","11","0","14","75","87","19","19","75","87","0","14","54","36","9","11","31","27","14","17","0","14","31","31","25","24","5","7","20","23","6","10","0","14","6","10","54","36","20","23","5","7","29","23",(X),(X),(X),(X),(X),(X),(X),(X),(X),(X),(X),(X),(X),(X),(X),(X),"34","25","5","7","29","23","0","14","0","14","0","14","0","14","6","10","0","14","5","7","23","19","0","14",(X),(X),"0","14","5","7","29","23","103","87","6.2","5.1","21.5","23.4","37.3","37.0","14.9","18.1","21.5","23.4","3.0","2.9","6.5","6.8","1.5","1.8","5.3","4.4","6.1","5.9","0.6","1.0","11.2","8.9","0.0","19.2","0.0","34.0","0.0","100.0","1.3","1.6","-",**,"18.8","20.2","7.5","8.4","12.8","14.9","0.0","25.4","4.0","2.7","3.0","4.2","9.8","9.3","4.6","6.3","0.0","9.4","3.0","3.0","2.6","2.4","1.2","1.8","3.7","4.0","11.8","21.9","0.0","57.3","37.5","51.8","3.8","2.6","2.8","3.0","1.9","2.8","6.4","6.1",(X),(X),(X),(X),(X),(X),(X),(X),(X),(X),(X),(X),(X),(X),(X),(X),"11.3","10.2","2.6","4.9","26.4","20.1","-",**,"-",**,"-",**,"0.0","75.8","14.0","25.3","0.0","50.0","21.7","36.8","13.7","20.5","-",**,(X),(X),"0.0","28.8","22.7","46.9","18.5","27.9","6.2","5.1",,"36081055800",6.2,0.136094258193733,0.0245548014705208,Retention Street,1055845.99314219,202620.573977544
74,"434","4",Queens,"043400","4043400",I,St. Albans,QN1205,QN12,QN12 Jamaica-St. Albans-Hollis (CD 12 Approximation),"36081043400","4412",7226.75545542,2213959.96188,311,"36081043400","Census Tract 434; Queens County; New York","1962","423","626","229","176","102","450","174","626","229","1044","244","327","117","717","194","423","142","292","105","839","196","1123","328","15","16","1310","361","33","61","121","114","0","14","209","158","274","220","235","176","15","16","1146","215","234","109","191","78","361","125","360","116","831","164","779","148","320","87","459","121","52","38","34","27","18","26","1362","259","613","130","233","95","516","179","68","83","415","276","415","276","684","382","745","403","948","451","1217","492","1650","459","145","90","44","37","101","91","0","14","0","14","0","14","0","14","6","9","13","16","84","88","0","14","42","31",N,N,"46","44","0","14","99","88","1962","423","284","238","126","143","40","47","86","95","126","143","146","116","21","31","125","97","74","84","12","19","113","117","171","136","0","14","125","107","0","14","0","14","0","14","0","14","159","221","0","14","0","14","137","103","15","23","39","42","83","92","0","14","40","35","20","24","15","23","5","10","20","23","20","23","0","14","164","121","0","14","20","24","144","109",(X),(X),(X),(X),(X),(X),(X),(X),(X),(X),(X),(X),(X),(X),(X),(X),"57","81","0","14","57","81","0","14","0","14","0","14","0","14","0","14","0","14","57","81","0","14","0","14",(X),(X),"0","14","0","14","57","81","284","238","14.5","10.5","20.1","18.8","22.7","25.1","19.1","17.7","20.1","18.8","14.0","9.4","6.4","8.5","17.4","11.9","17.5","17.0","4.1","6.2","13.5","12.4","15.2","10.9","0.0","87.6","9.5","8.6","0.0","59.0","0.0","28.8","-",**,"0.0","18.3","58.0","45.0","0.0","16.5","0.0","87.6","12.0","8.1","6.4","10.3","20.4","20.8","23.0","21.4","0.0","11.1","4.8","4.1","2.6","3.0","4.7","7.0","1.1","2.2","38.5","38.9","58.8","40.6","0.0","79.9","12.0","7.7","0.0","6.7","8.6","10.4","27.9","15.9",(X),(X),(X),(X),(X),(X),(X),(X),(X),(X),(X),(X),(X),(X),(X),(X),"39.3","41.9","0.0","51.1","56.4","45.8","-",**,"-",**,"-",**,"-",**,"0.0","100.0","0.0","94.1","67.9","45.4","-",**,"0.0","52.3",(X),(X),"0.0","50.0","-",**,"57.6","45.1","14.5","10.5",,"36081043400",14.5,0.176478433744341,0.00814800610167327,Retention Street,1045631.57481184,192998.357045662
75,"196","4",Queens,"019600","4019600",E,South Jamaica,QN1202,QN12,QN12 Jamaica-St. Albans-Hollis (CD 12 Approximation),"36081019600","4412",7476.96022362,2402963.96352,164,"36081019600","Census Tract 196; Queens County; New York","3168","688","992","394","236","147","756","289","992","394","1855","377","766","283","1089","196","523","132","321","86","1558","397","1610","354","0","14","2100","621","0","14","340","196","0","14","319","229","409","221","304","185","0","14","1863","335","410","132","643","173","536","196","274","105","1502","336","1371","289","669","177","702","170","131","95","98","67","33","33","2263","411","906","199","537","184","820","208","278","142","1006","531","1069","533","1220","529","1271","539","2011","599","2521","621","2740","619","349","134","200","111","149","63","0","14","0","14","38","30","84","86","10","16","42","33","75","56","54","55","46","39","11939","1749","146","82","32","29","171","91","3168","688","823","508","406","359","93","107","313","268","406","359","329","167","175","131","154","84","125","58","88","57","224","184","599","333","0","14","679","472","0","14","12","17","0","14","10","15","122","96","78","69","0","14","350","157","56","37","129","81","165","151","0","14","254","148","196","128","7","10","189","128","58","45","40","33","18","27","429","183","49","36","158","119","222","101",(X),(X),(X),(X),(X),(X),(X),(X),(X),(X),(X),(X),(X),(X),(X),(X),"137","70","25","28","112","59","0","14","0","14","21","21","6","17","0","14","5","7","29","33","43","54","33","32",(X),(X),"11","18","20","20","106","71","823","508","26.0","12.0","40.9","23.6","39.4","33.4","41.4","22.8","40.9","23.6","17.7","7.3","22.8","11.4","14.1","7.5","23.9","11.6","27.4","18.0","14.4","9.7","37.2","14.5","-",**,"32.3","15.8","-",**,"3.5","5.6","-",**,"3.1","4.4","29.8","17.7","25.7","21.4","-",**,"18.8","6.9","13.7","9.9","20.1","11.6","30.8","21.0","0.0","14.3","16.9","8.1","14.3","8.2","1.0","1.5","26.9","15.1","44.3","16.7","40.8","23.8","54.5","52.6","19.0","6.7","5.4","4.1","29.4","18.1","27.1","9.9",(X),(X),(X),(X),(X),(X),(X),(X),(X),(X),(X),(X),(X),(X),(X),(X),"39.3","14.4","12.5","11.6","75.2","18.2","-",**,"-",**,"55.3","40.3","7.1","16.8","0.0","100.0","11.9","21.5","38.7","34.8","79.6","31.4","71.7","37.4",(X),(X),"7.5","13.1","62.5","45.6","62.0","25.0","26.0","12.0",,"36081019600",26,0.223270132089347,0.0176031406854069,Retention Street,1039740.48863803,190533.68619845
76,"496","4",Queens,"049600","4049600",I,Queens Village,QN1303,QN13,QN13 Queens Village-Bellerose-Rosedale (CD 13 Approximation),"36081049600","4413",6798.28247899,2943687.16291,363,"36081049600","Census Tract 496; Queens County; New York","3040","518","517","98","102","67","415","99","517","98","2016","486","663","243","1353","287","729","114","507","116","1496","266","1544","307","37","28","1067","546","23","32","1274","298","0","14","363","171","276","128","339","105","27","25","2164","365","254","85","530","186","683","172","697","182","1524","272","1389","249","677","163","712","150","135","70","76","54","59","50","2644","499","868","217","619","266","1157","317","9","10","421","233","423","234","473","234","766","335","1480","522","1901","519","2121","528","168","64","29","26","139","59","0","14","0","14","9","14","0","14","27","27","56","46","39","45","23","30","14","18",N,N,"81","57","25","27","62","49","3040","518","237","165","48","55","15","25","33","35","48","55","129","99","61","51","68","55","60","63","60","63","115","71","122","102","0","14","152","115","0","14","67","106","0","14","18","28","0","14","13","21","0","14","146","99","64","49","39","37","43","39","0","14","36","33","27","30","7","11","20","29","9","14","9","14","0","14","208","135","7","11","25","30","176","112",(X),(X),(X),(X),(X),(X),(X),(X),(X),(X),(X),(X),(X),(X),(X),(X),"9","10","6","9","3","6","0","14","0","14","0","14","0","14","0","14","6","9","3","6","0","14","0","14",(X),(X),"0","14","0","14","9","10","237","165","7.8","5.4","9.3","9.8","14.7","22.9","8.0","8.2","9.3","9.8","6.4","5.0","9.2","7.8","5.0","4.1","8.2","8.5","11.8","12.4","7.7","4.9","7.9","6.5","0.0","55.8","14.2","13.3","0.0","70.7","5.3","8.0","-",**,"5.0","7.7","0.0","14.2","3.8","6.1","0.0","65.3","6.7","4.7","25.2","19.8","7.4","7.6","6.3","5.9","0.0","5.9","2.4","2.2","1.9","2.2","1.0","1.7","2.8","3.9","6.7","10.9","11.8","19.0","0.0","44.2","7.9","5.2","0.8","1.3","4.0","4.9","15.2","9.8",(X),(X),(X),(X),(X),(X),(X),(X),(X),(X),(X),(X),(X),(X),(X),(X),"5.4","6.2","20.7","31.7","2.2","4.4","-",**,"-",**,"0.0","100.0","-",**,"0.0","65.3","10.7","17.3","7.7","28.3","0.0","70.7","0.0","90.6",(X),(X),"0.0","37.7","0.0","67.8","14.5","20.1","7.8","5.4",,"36081049600",7.8,0.165468440054177,0.0163664096381688,Retention Street,1052687.87915704,200577.248190406
77,"262","4",Queens,"026200","4026200",E,South Jamaica,QN1202,QN12,QN12 Jamaica-St. Albans-Hollis (CD 12 Approximation),"36081026200","4412",6196.43726032,1540114.82171,206,"36081026200","Census Tract 262; Queens County; New York","1542","463","431","165","128","90","303","122","425","163","883","278","269","125","614","187","331","114","228","100","728","244","814","236","0","14","722","215","0","14","429","310","0","14","312","156","79","72","293","170","0","14","959","289","201","55","295","148","276","114","187","94","665","222","585","173","277","89","308","108","80","82","74","83","6","13","1166","334","422","130","252","153","492","139","52","38","374","233","374","233","472","278","472","278","806","340","1116","406","1300","457","130","75","49","38","81","51","0","14","6","9","12","20","21","20","8","13","23","29","31","33","19","13","10","15","8288","3042","53","41","28","32","49","31","1542","463","281","190","96","92","44","69","52","36","90","89","131","90","20","20","111","84","80","43","54","37","160","113","121","85","0","14","161","85","0","14","120","179","0","14","0","14","0","14","0","14","0","14","180","103","43","31","61","56","34","32","42","66","68","72","14","15","0","14","14","15","54","69","54","69","0","14","205","104","0","14","74","77","131","58",(X),(X),(X),(X),(X),(X),(X),(X),(X),(X),(X),(X),(X),(X),(X),(X),"58","38","22","22","36","26","0","14","6","9","5","9","6","13","0","14","11","13","13","21","7","8","10","15",(X),(X),"0","14","16","17","42","29","281","190","18.2","9.5","22.3","17.6","34.4","38.5","17.2","11.7","21.2","17.3","14.8","8.0","7.4","6.8","18.1","10.9","24.2","12.8","23.7","17.9","22.0","12.0","14.9","8.6","-",**,"22.3","10.1","-",**,"28.0","32.4","-",**,"0.0","12.7","0.0","38.2","0.0","13.5","-",**,"18.8","8.3","21.4","13.6","20.7","15.3","12.3","12.2","22.5","28.4","10.2","9.1","2.4","2.5","0.0","14.2","4.5","5.0","67.5","37.7","73.0","39.5","0.0","100.0","17.6","7.3","0.0","9.6","29.4","19.8","26.6","11.5",(X),(X),(X),(X),(X),(X),(X),(X),(X),(X),(X),(X),(X),(X),(X),(X),"44.6","20.1","44.9","32.4","44.4","25.2","-",**,"100.0","100.0","41.7","13.0","28.6","58.6","0.0","100.0","47.8","38.1","41.9","58.1","36.8","35.6","100.0","100.0",(X),(X),"0.0","46.6","57.1","35.7","85.7","23.3","18.2","9.5",,"36081026200",18.2,0.189858535879193,0.0239944891642516,Retention Street,1041907.79664804,191097.946021484
78,"536.01","4",Queens,"053601","4053601",I,Queens Village,QN1303,QN13,QN13 Queens Village-Bellerose-Rosedale (CD 13 Approximation),"36081053601","4413",6725.29709139,2066594.22813,395,"36081053601","Census Tract 536.01; Queens County; New York","1761","515","266","165","86","69","180","112","266","165","848","206","254","96","594","156","770","407","647","403","777","233","984","409","36","40","809","216","14","22","399","445","0","14","205","134","298","376","513","404","36","40","1409","440","249","78","528","388","227","103","405","155","659","186","578","165","351","112","227","74","81","54","49","47","32","40","1495","440","442","147","256","107","797","399","40","39","358","380","376","380","376","380","453","380","641","401","729","419","1360","530","413","394","62","63","351","381","0","14","0","14","9","14","0","14","25","29","27","35","31","23","45","60","276","375",N,N,"52","47","47","62","314","376","1761","515","294","376","0","14","0","14","0","14","0","14","40","39","9","14","31","28","262","374","254","373","18","19","276","374","9","14","9","13","0","14","0","14","0","14","22","25","254","373","268","375","9","14","285","374","8","12","263","373","6","11","8","13","9","13","0","14","0","14","0","14","9","13","9","13","0","14","294","376","0","14","9","14","285","374",(X),(X),(X),(X),(X),(X),(X),(X),(X),(X),(X),(X),(X),(X),(X),(X),"294","376","18","19","276","374","0","14","0","14","9","14","0","14","8","13","6","11","17","17","0","14","254","373",(X),(X),"0","14","9","14","285","374","294","376","16.7","18.5","0.0","14.7","0.0","36.4","0.0","20.8","0.0","14.7","4.7","4.6","3.5","5.7","5.2","4.6","34.0","34.0","39.3","38.1","2.3","2.5","28.0","28.8","25.0","27.8","1.1","1.6","0.0","90.6","0.0","10.1","-",**,"10.7","12.7","85.2","31.5","52.2","41.7","25.0","27.8","20.2","21.8","3.2","4.7","49.8","41.2","2.6","5.0","2.0","3.3","1.4","1.9","0.0","7.1","0.0","11.4","0.0","17.0","11.1","14.3","18.4","22.4","0.0","59.9","19.7","20.7","0.0","9.2","3.5","5.5","35.8","32.2",(X),(X),(X),(X),(X),(X),(X),(X),(X),(X),(X),(X),(X),(X),(X),(X),"71.2","34.5","29.0","38.3","78.6","34.3","-",**,"-",**,"100.0","100.0","-",**,"32.0","59.5","22.2","53.8","54.8","39.0","0.0","50.6","92.0","22.5",(X),(X),"0.0","47.0","19.1","41.4","90.8","20.2","16.7","18.5",,"36081053601",16.7,0.19109751643578,0.0104248063015585,Retention Street,1054709.05351012,196850.18958177
79,"480","4",Queens,"048000","4048000",E,Hollis,QN1206,QN12,QN12 Jamaica-St. Albans-Hollis (CD 12 Approximation),"36081048000","4412",6511.37131782,2482350.23758,350,"36081048000","Census Tract 480; Queens County; New York","2345","420","277","109","74","57","203","84","277","109","1440","255","525","163","915","134","723","307","628","301","1153","238","1192","236","96","110","165","129","0","14","1273","361","0","14","782","385","29","30","290","131","55","69","1808","355","222","83","707","302","302","112","577","122","1157","198","1072","204","544","96","528","148","85","60","32","27","53","56","2135","396","703","142","455","128","977","321","209","150","509","197","561","194","644","196","664","204","1030","262","1370","297","1704","288","253","111","133","70","120","57","0","14","0","14","15","22","41","30","95","74","18","23","5","7","28","29","51","40","5638","3626","106","79","61","68","86","58","2341","420","393","195","67","71","0","14","67","71","67","71","171","116","55","39","116","83","160","82","155","82","226","121","167","87","73","105","0","14","0","14","238","157","0","14","76","66","6","8","57","58","47","67","277","126","59","58","94","59","41","34","83","71","120","90","78","52","66","47","12","12","42","49","0","14","42","49","354","172","20","25","74","63","260","121",(X),(X),(X),(X),(X),(X),(X),(X),(X),(X),(X),(X),(X),(X),(X),(X),"63","52","31","33","32","28","0","14","0","14","1","2","6","8","0","14","0","14","5","7","20","25","31","33",(X),(X),"5","7","0","14","58","51","391","195","16.8","8.7","24.2","23.8","0.0","39.4","33.0","28.3","24.2","23.8","11.9","8.5","10.5","8.4","12.7","9.0","22.1","13.8","24.7","15.9","19.6","10.3","14.0","8.1","76.0","39.8","0.0","22.5","-",**,"18.7","13.8","-",**,"9.7","9.7","20.7","40.1","19.7","19.6","85.5","30.2","15.3","7.7","26.6","21.9","13.3","10.0","13.6","11.0","14.4","12.8","10.4","8.1","7.3","5.3","12.1","8.6","2.3","2.4","49.4","36.9","0.0","59.9","79.2","39.2","16.6","8.6","2.8","3.4","16.3","14.0","26.6","13.6",(X),(X),(X),(X),(X),(X),(X),(X),(X),(X),(X),(X),(X),(X),(X),(X),"24.9","20.2","23.3","26.1","26.7","22.0","-",**,"-",**,"6.7","23.6","14.6","20.8","0.0","34.2","0.0","79.9","100.0","100.0","71.4","40.8","60.8","38.2",(X),(X),"4.7","7.8","0.0","43.4","67.4","29.6","16.7","8.7",,"36081048000",16.8,0.204401431668789,0.0324305449973307,Cloudburst Road,1047181.26439164,199080.391909886
80,"254.01","4",Queens,"025401","4025401",E,South Jamaica,QN1202,QN12,QN12 Jamaica-St. Albans-Hollis (CD 12 Approximation),"36081025401","4412",6545.77711062,2727728.59966,198,"36081025401","Census Tract 254.01; Queens County; New York","3747","1237","752","378","229","156","523","265","752","378","2706","940","1469","990","1237","262","597","248","289","196","2208","841","1539","471","23","24","1995","1334","0","14","1208","496","0","14","496","328","25","101","358","325","9","9","2604","1026","445","156","832","411","930","593","397","163","2241","910","1790","684","962","432","828","322","451","277","310","258","141","102","3084","1122","1297","667","1055","434","732","236","40","80","607","443","805","511","1410","657","1600","655","1926","651","2201","711","2515","638","153","106","31","29","122","105","0","14","0","14","3","7","0","14","6","6","13","21","112","102","15","28","4","9",N,N,"50","80","46","69","57","39","3722","1236","146","136","28","48","0","14","28","48","28","48","114","108","49","70","65","65","4","19","4","19","83","113","63","66","19","25","105","115","0","14","18","71","0","14","0","14","4","19","18","26","5","11","69","62","13","35","56","49","0","14","0","14","52","71","38","63","5","20","33","49","14","23","0","14","14","23","146","136","24","38","51","81","71","60",(X),(X),(X),(X),(X),(X),(X),(X),(X),(X),(X),(X),(X),(X),(X),(X),"63","53","13","21","50","48","0","14","0","14","3","7","0","14","0","14","13","21","43","45","4","19","0","14",(X),(X),"24","38","0","14","39","35","138","135","3.9","3.0","3.7","6.2","0.0","16.9","5.4","8.6","3.7","6.2","4.2","3.5","3.3","3.2","5.3","5.4","0.7","3.3","1.4","6.9","3.8","4.2","4.1","4.4","82.6","51.6","5.3","3.5","-",**,"1.5","6.1","-",**,"0.0","8.2","16.0","84.0","5.0","7.9","55.6","55.6","2.6","2.8","2.9","7.8","6.7","6.9","0.0","4.5","0.0","10.1","2.3","3.5","2.1","3.8","0.5","2.2","4.0","5.9","3.1","5.8","0.0","12.8","9.9","15.8","4.7","3.5","1.9","3.3","4.8","7.0","9.7","7.0",(X),(X),(X),(X),(X),(X),(X),(X),(X),(X),(X),(X),(X),(X),(X),(X),"41.2","25.9","41.9","48.1","41.0","29.9","-",**,"-",**,"100.0","100.0","-",**,"0.0","100.0","100.0","94.1","38.4","31.8","26.7","73.3","0.0","100.0",(X),(X),"48.0","3.7","0.0","50.0","68.4","35.0","3.7","3.0",,"36081025401",3.9,0.142953599577887,0.0166131385921422,Retention Street,1040378.60002929,192450.444330405
81,"620","4",Queens,"062000","4062000",I,Laurelton,QN1305,QN13,QN13 Queens Village-Bellerose-Rosedale (CD 13 Approximation),"36081062000","4413",6625.73855799,2374810.00886,456,"36081062000","Census Tract 620; Queens County; New York","1545","235","150","102","23","22","127","99","150","102","978","261","304","132","674","159","619","133","417","143","707","133","838","201","24","27","1481","234","0","14","0","14","0","14","0","14","40","29","43","52","9","10","1281","214","89","74","291","122","429","191","472","118","864","209","842","206","376","115","466","163","22","18","11","13","11","12","1416","234","696","160","177","74","543","144","16","13","38","31","38","31","94","78","128","96","401","192","533","208","649","228","130","61","64","36","66","40","0","14","0","14","2","4","3","5","5","9","0","14","73","56","20","16","27","29",N,N,"71","55","0","14","59","34","1538","235","23","21","0","14","0","14","0","14","0","14","6","6","5","8","1","4","17","19","17","19","16","13","7","10","3","4","15","14","0","14","0","14","0","14","0","14","5","8","0","14","3","4","21","20","10","12","6","8","0","14","5","8","0","14","0","14","0","14","0","14","0","14","0","14","0","14","23","21","0","14","0","14","23","21",(X),(X),(X),(X),(X),(X),(X),(X),(X),(X),(X),(X),(X),(X),(X),(X),"23","21","16","13","7","10","0","14","0","14","2","4","3","5","0","14","0","14","1","4","10","11","7","10",(X),(X),"0","14","0","14","23","21","17","19","1.5","1.4","0.0","24.3","0.0","70.7","0.0","27.8","0.0","24.3","0.6","0.7","1.6","2.6","0.1","0.6","2.7","3.1","4.1","4.7","2.3","1.9","0.8","1.2","12.5","22.0","1.0","1.0","-",**,"-",**,"-",**,"-",**,"12.5","21.7","0.0","51.7","33.3","53.6","1.6","1.6","11.2","15.9","2.1","3.1","0.0","9.4","1.1","1.8","0.0","4.8","0.0","4.9","0.0","10.7","0.0","8.7","0.0","72.3","0.0","100.0","0.0","100.0","1.6","1.5","0.0","5.9","0.0","21.1","4.2","3.9",(X),(X),(X),(X),(X),(X),(X),(X),(X),(X),(X),(X),(X),(X),(X),(X),"17.7","16.3","25.0","23.7","10.6","15.9","-",**,"-",**,"100.0","100.0","100.0","100.0","0.0","100.0","-",**,"1.4","6.3","50.0","40.5","25.9","41.1",(X),(X),"0.0","40.2","-",**,"39.0","31.3","1.1","1.3",,"36081062000",1.5,0.13407962386035,0.0154752780993478,Retention Street,1056971.7279362,187526.082605237
82,"236","4",Queens,"023600","4023600",E,Jamaica,QN1201,QN12,QN12 Jamaica-St. Albans-Hollis (CD 12 Approximation),"36081023600","4412",5717.5558199,1897473.67377,187,"36081023600","Census Tract 236; Queens County; New York","3580","618","625","196","173","110","452","172","617","196","2395","336","1313","246","1082","241","696","318","560","307","1798","347","1782","323","394","165","730","292","0","14","1233","378","0","14","841","522","382","205","1241","554","351","169","2570","447","604","347","484","156","528","178","954","201","1779","270","1617","264","973","190","644","155","162","107","40","45","122","96","3048","489","1178","208","611","238","1259","346","343","172","726","259","795","292","995","313","1174","338","2051","577","2392","583","2603","609","878","233","417","152","461","138","8","21","0","14","66","56","430","174","166","105","6","9","119","82","46","47","37","55","11156","2907","489","164","166","87","223","81","3473","616","598","257","95","78","0","14","95","78","87","74","418","180","143","72","275","142","105","71","85","67","304","137","294","143","69","65","92","79","0","14","361","240","0","14","15","23","61","58","93","37","62","61","425","158","37","44","132","74","39","45","217","113","140","96","80","75","79","75","1","2","60","62","26","41","34","49","503","191","36","56","108","69","359","139",(X),(X),(X),(X),(X),(X),(X),(X),(X),(X),(X),(X),(X),(X),(X),(X),"254","98","132","76","122","64","8","21","0","14","35","39","56","43","103","78","0","14","28","39","24","35","0","14",(X),(X),"36","56","49","45","169","75","491","256","16.7","7.1","15.2","11.8","0.0","21.6","21.0","15.0","14.1","11.3","17.5","7.4","10.9","5.7","25.4","11.9","15.1","11.5","15.2","14.3","16.9","7.3","16.5","8.1","17.5","16.7","12.6","10.2","-",**,"29.3","14.1","-",**,"1.8","3.1","16.0","15.7","7.5","4.6","17.7","17.7","16.5","6.5","6.1","8.0","27.3","13.8","7.4","8.6","22.7","12.0","7.9","5.5","4.9","4.7","8.1","7.6","0.2","0.4","37.0","30.1","65.0","56.5","27.9","38.3","16.5","6.4","3.1","4.8","17.7","13.1","28.5","12.1",(X),(X),(X),(X),(X),(X),(X),(X),(X),(X),(X),(X),(X),(X),(X),(X),"28.9","10.0","31.7","13.7","26.5","13.6","100.0","100.0","-",**,"53.0","46.9","13.0","10.5","62.0","33.9","0.0","100.0","23.5","25.2","52.2","44.5","0.0","55.8",(X),(X),"7.4","11.2","29.5","26.0","75.8","23.3","14.1","7.3",,"36081023600",16.7,0.219235887195294,0.087620853770187,Cloudburst Road,1038336.20171371,197041.087879283
83,"334.01","4",Queens,"033401","4033401",I,Springfield Gardens (North)-Rochdale Village,QN1204,QN12,QN12 Jamaica-St. Albans-Hollis (CD 12 Approximation),"36081033401","4412",10729.4483743,6035942.44222,257,"36081033401","Census Tract 334.01; Queens County; New York","3928","524","1014","389","248","168","766","348","991","385","2337","283","731","198","1606","290","957","266","577","180","1434","226","2494","393","48","61","3609","567","0","14","57","70","0","14","195","186","19","24","596","301","48","61","2661","279","281","107","779","260","1099","199","502","191","1957","291","1706","280","643","187","1063","208","251","127","114","79","137","79","3041","319","1414","303","570","201","1057","269","598","365","755","374","800","375","895","386","915","384","2035","482","2591","457","2978","476","757","176","282","114","475","165","23","37","0","14","20","30","179","107","56","74","83","59","205","125","156","84","35","40",N,N,"329","119","177","95","251","123","3928","524","657","372","297","228","19","30","278","225","274","226","304","169","34","38","270","164","121","106","56","56","335","222","322","192","0","14","589","341","0","14","0","14","0","14","68","114","0","14","243","276","0","14","340","203","35","43","117","135","188","146","0","14","88","81","59","57","41","48","18","29","29","34","0","14","29","34","409","230","0","14","71","59","338","219",(X),(X),(X),(X),(X),(X),(X),(X),(X),(X),(X),(X),(X),(X),(X),(X),"129","107","43","49","86","97","23","37","0","14","20","30","0","14","0","14","0","14","65","91","0","14","21","34",(X),(X),"0","14","20","30","109","103","657","372","16.7","9.1","29.3","19.5","7.7","13.2","36.3","22.9","27.6","20.0","13.0","7.2","4.7","5.1","16.8","9.7","12.6","10.4","9.7","9.4","23.4","14.4","12.9","7.6","0.0","48.9","16.3","9.0","-",**,"0.0","44.9","-",**,"34.9","47.5","0.0","77.8","40.8","39.1","0.0","48.9","12.8","7.5","12.5","15.3","15.0","15.8","17.1","12.3","0.0","8.1","4.5","4.2","3.5","3.4","6.4","7.9","1.7","2.8","11.6","13.8","0.0","30.2","21.2","23.1","13.4","7.4","0.0","3.0","12.5","10.6","32.0","16.6",(X),(X),(X),(X),(X),(X),(X),(X),(X),(X),(X),(X),(X),(X),(X),(X),"17.0","11.9","15.2","17.5","18.1","17.9","100.0","70.7","-",**,"100.0","75.8","0.0","20.9","0.0","45.3","0.0","37.2","31.7","32.6","0.0","23.5","60.0","60.0",(X),(X),"0.0","12.1","11.3","17.4","43.4","28.5","16.7","9.1",,"36081033401",16.7,0.179239392816072,0.0166914430632975,Retention Street,1048755.39497304,186805.38160009
84,"504","4",Queens,"050400","4050400",I,St. Albans,QN1205,QN12,QN12 Jamaica-St. Albans-Hollis (CD 12 Approximation),"36081050400","4412",6256.94245362,2328381.50916,369,"36081050400","Census Tract 504; Queens County; New York","1729","331","359","163","73","61","286","122","359","163","1147","233","370","105","777","187","430","104","223","67","726","163","1003","208","4","7","1184","313","0","14","60","34","0","14","323","197","158","86","93","105","4","7","1229","284","143","71","252","104","391","150","443","108","954","220","940","220","416","135","524","114","14","11","3","5","11","10","1389","272","789","202","190","91","410","120","57","46","144","111","166","114","213","134","219","136","433","192","654","225","890","272","192","72","71","43","121","46","0","14","0","14","3","4","17","20","30","25","28","22","80","39","24","26","10","11","10683","1300","118","54","31","29","43","28","1712","331","144","111","32","53","0","14","32","53","32","53","82","54","26","22","56","43","37","32","30","30","76","91","68","45","4","7","65","53","0","14","0","14","0","14","73","86","2","6","10","8","4","7","102","69","40","38","21","19","28","26","13","15","50","42","43","40","33","38","10","16","7","8","3","5","4","7","112","75","0","14","47","41","65","46",(X),(X),(X),(X),(X),(X),(X),(X),(X),(X),(X),(X),(X),(X),(X),(X),"59","47","19","24","40","28","0","14","0","14","2","4","6","7","8","10","4","4","15","22","24","26","0","14",(X),(X),"0","14","20","24","39","27","128","109","8.3","6.0","8.9","14.5","0.0","39.7","11.2","17.3","8.9","14.5","7.1","4.6","7.0","6.0","7.2","5.3","8.6","7.4","13.5","11.7","10.5","11.2","6.8","4.3","100.0","100.0","5.5","4.6","-",**,"0.0","43.8","-",**,"22.6","25.5","1.3","4.3","10.8","23.0","100.0","100.0","8.3","5.2","28.0","22.6","8.3","7.8","7.2","6.4","2.9","3.6","5.2","4.3","4.6","4.2","7.9","8.6","1.9","3.1","50.0","46.6","100.0","100.0","36.4","52.9","8.1","5.0","0.0","5.2","24.7","19.1","15.9","10.5",(X),(X),(X),(X),(X),(X),(X),(X),(X),(X),(X),(X),(X),(X),(X),(X),"30.7","19.8","26.8","26.9","33.1","21.3","-",**,"-",**,"66.7","66.7","35.3","55.3","26.7","39.3","14.3","15.9","18.8","29.0","100.0","69.2","0.0","100.0",(X),(X),"0.0","29.4","64.5","43.1","90.7","12.8","7.5","5.9",,"36081050400",8.3,0.143409474200498,0.0490156122432399,Cloudburst Road,1049583.97354426,196258.393821325
85,"432","4",Queens,"043200","4043200",I,St. Albans,QN1205,QN12,QN12 Jamaica-St. Albans-Hollis (CD 12 Approximation),"36081043200","4412",9411.9572509,2600532.48074,310,"36081043200","Census Tract 432; Queens County; New York","1195","272","241","102","25","29","216","89","241","102","691","210","240","105","451","132","306","92","263","92","535","158","660","162","4","2","994","263","0","14","17","26","0","14","134","123","46","51","23","22","4","2","822","170","83","49","351","109","214","70","174","79","548","163","523","156","234","103","289","91","25","31","17","20","8","12","1002","219","453","142","142","89","407","96","34","30","127","97","127","97","135","97","150","98","432","196","690","220","700","218","124","69","38","35","86","44","0","14","0","14","0","14","19","22","0","14","7","11","61","60","20","18","17","17",N,N,"41","33","0","14","83","61","1188","272","127","97","29","40","0","14","29","40","29","40","73","69","5","7","68","66","45","39","25","30","37","33","90","69","4","2","103","88","0","14","17","26","0","14","3","3","0","14","3","3","4","2","93","70","6","9","87","67","0","14","0","14","21","31","21","31","9","13","12","19","0","14","0","14","0","14","98","73","0","14","21","31","77","64",(X),(X),(X),(X),(X),(X),(X),(X),(X),(X),(X),(X),(X),(X),(X),(X),"54","60","20","30","34","30","0","14","0","14","0","14","0","14","0","14","7","11","40","59","4","2","3","3",(X),(X),"0","14","0","14","54","60","120","97","10.6","7.7","12.0","15.4","0.0","67.8","13.4","17.1","12.0","15.4","10.6","9.1","2.1","3.2","15.1","12.8","14.7","13.2","9.5","10.9","6.9","6.4","13.6","9.4","100.0","100.0","10.4","8.9","-",**,"100.0","82.2","-",**,"2.2","4.6","0.0","50.0","13.0","24.9","100.0","100.0","11.3","8.0","7.2","11.3","24.8","16.7","0.0","17.9","0.0","21.5","3.8","5.5","4.0","5.9","3.8","5.5","4.2","6.5","0.0","67.8","0.0","82.3","0.0","100.0","9.8","6.9","0.0","8.9","14.8","20.0","18.9","14.1",(X),(X),(X),(X),(X),(X),(X),(X),(X),(X),(X),(X),(X),(X),(X),(X),"43.5","33.4","52.6","52.6","39.5","28.6","-",**,"-",**,"-",**,"0.0","77.8","-",**,"100.0","100.0","65.6","54.1","20.0","19.4","17.6","28.0",(X),(X),"0.0","53.0","-",**,"65.1","35.8","10.1","7.7",,"36081043200",10.6,0.133499271751157,0.0150453736180014,Retention Street,1046421.52497467,191224.779933028
86,"542","4",Queens,"054200","4054200",I,Queens Village,QN1303,QN13,QN13 Queens Village-Bellerose-Rosedale (CD 13 Approximation),"36081054200","4413",10029.0638051,5824785.57615,400,"36081054200","Census Tract 542; Queens County; New York","5358","1017","1020","332","248","161","772","297","1002","331","3058","560","1245","404","1813","314","1514","611","1280","607","2824","542","2534","543","275","241","1250","487","20","30","1464","425","0","19","1596","1065","753","383","1579","999","234","239","3783","762","741","389","1266","415","744","204","1032","278","2667","496","2422","456","1369","294","1053","229","245","136","165","129","80","58","4471","847","1618","382","1125","249","1728","549","219","223","707","431","801","438","1509","588","1509","588","2928","1034","3440","991","3977","1012","371","203","245","154","126","79","0","19","18","27","0","19","95","146","35","37","50","57","50","43","85","102","38","40",N,N,"165","98","79","96","127","86","5355","1017","425","284","142","120","0","19","142","120","124","116","215","153","56","47","159","111","76","63","68","61","164","142","261","173","143","203","102","123","0","19","92","85","0","19","53","87","35","47","72","94","133","201","227","135","37","27","107","80","50","50","33","37","115","93","115","93","35","42","80","59","0","19","0","19","0","19","346","220","0","19","125","96","221","143",(X),(X),(X),(X),(X),(X),(X),(X),(X),(X),(X),(X),(X),(X),(X),(X),"45","57","26","30","19","28","0","19","18","27","0","19","0","19","18","28","1","4","8","11","0","19","0","19",(X),(X),"0","19","0","19","45","57","424","285","7.9","5.8","13.9","12.1","0.0","15.7","18.4","15.4","12.4","11.8","7.0","5.2","4.5","4.5","8.8","5.7","5.0","4.6","5.3","5.3","5.8","5.4","10.3","7.3","52.0","40.6","8.2","9.5","0.0","75.8","6.3","5.5","-",**,"3.3","5.5","4.6","6.4","4.6","6.3","56.8","43.5","6.0","4.0","5.0","4.5","8.5","7.5","6.7","6.5","3.2","3.6","4.3","3.7","4.7","4.0","2.6","3.2","7.6","6.0","0.0","15.9","0.0","22.5","0.0","37.9","7.7","5.4","0.0","2.6","11.1","8.9","12.8","9.9",(X),(X),(X),(X),(X),(X),(X),(X),(X),(X),(X),(X),(X),(X),(X),(X),"12.1","13.8","10.6","11.2","15.1","22.8","-",**,"100.0","79.9","-",**,"0.0","34.2","51.4","51.4","2.0","11.2","16.0","26.7","0.0","36.7","0.0","55.0",(X),(X),"0.0","22.5","0.0","38.2","35.4","36.6","7.9","5.8",,"36081054200",7.9,0.158298514409732,0.0173996697983596,Retention Street,1054523.93823234,201357.606175601
87,"616.02","4",Queens,"061602","4061602",I,Rosedale,QN1307,QN13,QN13 Queens Village-Bellerose-Rosedale (CD 13 Approximation),"36081061602","4413",10075.7770853,4552904.51855,453,"36081061602","Census Tract 616.02; Queens County; New York","968","151","73","49","17","15","56","46","73","49","696","176","265","123","431","92","271","111","199","100","500","102","468","90","48","48","580","160","0","14","0","14","0","14","157","116","183","152","304","137","25","35","780","109","35","29","213","112","264","86","268","79","571","134","556","130","280","71","276","113","15","17","15","17","0","14","908","140","416","96","157","73","335","84","29","32","29","32","29","32","56","47","56","47","104","50","224","131","432","163","121","66","75","56","46","43","0","14","0","14","0","14","0","14","13","20","51","36","32","30","0","14","25","35",N,N,"83","42","0","14","38","40","968","151","29","32","0","14","0","14","0","14","0","14","29","32","8","14","21","23","0","14","0","14","13","20","16","26","13","20","8","14","0","14","0","14","0","14","0","14","8","12","21","23","0","14","21","23","0","14","13","20","0","14","8","12","16","26","16","26","0","14","16","26","0","14","0","14","0","14","29","32","0","14","16","26","13","20",(X),(X),(X),(X),(X),(X),(X),(X),(X),(X),(X),(X),(X),(X),(X),(X),"13","20","13","20","0","14","0","14","0","14","0","14","0","14","13","20","0","14","0","14","0","14","0","14",(X),(X),"0","14","0","14","13","20","29","32","3.0","3.3","0.0","39.7","0.0","82.3","0.0","45.3","0.0","39.7","4.2","4.5","3.0","5.2","4.9","5.1","0.0","14.5","0.0","19.1","2.6","3.8","3.4","5.4","27.1","31.4","1.4","2.3","-",**,"-",**,"-",**,"0.0","23.4","4.4","8.2","6.9","7.9","0.0","67.8","2.7","3.0","0.0","57.3","6.1","9.6","0.0","14.8","3.0","4.6","2.8","4.5","2.9","4.6","0.0","14.0","5.8","8.8","0.0","87.6","0.0","87.6","-",**,"3.2","3.5","0.0","9.7","10.2","14.9","3.9","5.9",(X),(X),(X),(X),(X),(X),(X),(X),(X),(X),(X),(X),(X),(X),(X),(X),"10.7","14.0","17.3","20.6","0.0","50.0","-",**,"-",**,"-",**,"-",**,"100.0","94.1","0.0","47.5","0.0","59.9","-",**,"0.0","67.8",(X),(X),"0.0","37.2","-",**,"34.2","50.7","3.0","3.3",,"36081061602",3,0.088641014051,0.061780997550214,Cloudburst Road,1059350.42542809,186242.061764988
88,"562","4",Queens,"056200","4056200",I,Queens Village,QN1303,QN13,QN13 Queens Village-Bellerose-Rosedale (CD 13 Approximation),"36081056200","4413",5791.17404709,1729177.34365,416,"36081056200","Census Tract 562; Queens County; New York","1399","286","238","72","46","47","192","65","238","72","736","218","230","115","506","150","538","198","425","194","702","139","697","219","349","215","240","166","0","14","430","188","0","14","169","168","211","84","460","173","296","205","1038","260","127","129","279","108","193","84","439","170","668","195","645","189","320","111","325","134","23","27","9","15","14","20","1188","279","415","125","303","148","470","191","6","10","6","10","108","126","123","117","123","117","514","170","653","184","852","242","198","158","49","47","149","163","0","14","0","14","0","14","13","19","0","14","30","40","5","9","46","31","104","157",N,N,"50","45","28","26","120","159","1399","286","6","10","0","14","0","14","0","14","0","14","0","14","0","14","0","14","6","10","6","10","6","10","0","14","0","14","0","14","0","14","0","14","0","14","0","14","6","10","0","14","0","14","6","10","0","14","0","14","6","10","0","14","0","14","0","14","0","14","0","14","0","14","0","14","0","14","6","10","0","14","0","14","6","10",(X),(X),(X),(X),(X),(X),(X),(X),(X),(X),(X),(X),(X),(X),(X),(X),"6","10","6","10","0","14","0","14","0","14","0","14","0","14","0","14","0","14","0","14","6","10","0","14",(X),(X),"0","14","0","14","6","10","6","10","0.4","0.7","0.0","16.3","0.0","50.0","0.0","19.7","0.0","16.3","0.0","5.6","0.0","16.8","0.0","8.1","1.1","1.9","1.4","2.5","0.9","1.4","0.0","5.9","0.0","11.5","0.0","16.2","-",**,"0.0","9.4","-",**,"0.0","22.0","2.8","4.8","0.0","8.8","0.0","13.3","0.6","1.0","0.0","27.8","0.0","14.1","3.1","5.6","0.0","9.2","0.0","6.2","0.0","6.4","0.0","12.4","0.0","12.2","0.0","70.7","0.0","100.0","0.0","90.6","0.5","0.9","0.0","9.7","0.0","13.1","1.3","2.2",(X),(X),(X),(X),(X),(X),(X),(X),(X),(X),(X),(X),(X),(X),(X),(X),"3.0","5.7","12.2","24.8","0.0","24.4","-",**,"-",**,"-",**,"0.0","94.1","-",**,"0.0","61.9","0.0","100.0","13.0","19.8","0.0","32.2",(X),(X),"0.0","48.0","0.0","64.1","5.0","16.6","0.4","0.7",,"36081056200",0.4,0.115840555953372,0.0200611097068507,Retention Street,1058202.28457026,203394.394648379
89,"660","4",Queens,"066000","4066000",I,Rosedale,QN1307,QN13,QN13 Queens Village-Bellerose-Rosedale (CD 13 Approximation),"36081066000","4413",8525.49781997,4160670.39747,485,"36081066000","Census Tract 660; Queens County; New York","3535","583","559","258","93","106","466","292","559","258","2324","500","571","305","1753","346","845","145","652","141","1549","439","1986","383","311","148","2639","669","0","14","41","66","0","14","228","313","316","239","288","239","283","141","2646","419","184","108","618","199","780","282","1064","285","2192","503","1932","433","821","271","1111","336","260","200","230","191","30","46","3062","512","1604","372","456","169","1002","270","40","37","40","37","40","37","225","175","265","175","804","377","1207","546","1753","573","518","264","93","67","425","238","0","14","0","14","43","51","158","207","106","81","62","54","68","59","69","59","12","19",N,N,"348","244","55","51","115","77","3532","583","40","37","0","14","0","14","0","14","0","14","12","16","10","16","2","3","28","34","28","34","12","16","28","34","31","34","0","14","0","14","0","14","0","14","0","14","9","15","10","16","21","31","40","37","19","30","9","15","10","16","2","3","0","14","0","14","0","14","0","14","0","14","0","14","0","14","40","37","0","14","10","16","30","34",(X),(X),(X),(X),(X),(X),(X),(X),(X),(X),(X),(X),(X),(X),(X),(X),"40","37","12","16","28","34","0","14","0","14","0","14","10","16","0","14","2","3","0","14","28","34","0","14",(X),(X),"0","14","10","16","30","34","38","37","1.1","1.1","0.0","7.3","0.0","34.7","0.0","8.7","0.0","7.3","0.5","0.7","1.8","3.1","0.1","0.1","3.3","4.0","4.3","5.2","0.8","1.1","1.4","1.8","10.0","11.0","0.0","1.6","-",**,"0.0","53.0","-",**,"0.0","16.9","2.8","5.5","3.5","7.0","7.4","10.6","1.5","1.5","10.3","16.7","1.5","2.5","1.3","2.2","0.2","0.2","0.0","1.9","0.0","2.2","0.0","5.0","0.0","3.7","0.0","15.0","0.0","16.8","0.0","61.9","1.3","1.3","0.0","2.6","2.2","3.7","3.0","3.5",(X),(X),(X),(X),(X),(X),(X),(X),(X),(X),(X),(X),(X),(X),(X),(X),"7.7","8.7","12.9","18.5","6.6","10.0","-",**,"-",**,"0.0","51.7","6.3","18.5","0.0","31.8","3.2","4.5","0.0","41.1","40.6","40.8","0.0","97.9",(X),(X),"0.0","11.5","18.2","31.5","26.1","27.0","1.1","1.1",,"36081066000",1.1,0.105453418505332,0.0109056676452714,Retention Street,1058229.0795139,179325.374626269
90,"552","4",Queens,"055200","4055200",E,Queens Village,QN1303,QN13,QN13 Queens Village-Bellerose-Rosedale (CD 13 Approximation),"36081055200","4413",10946.5972321,4495891.02271,406,"36081055200","Census Tract 552; Queens County; New York","2873","680","464","283","20","24","444","283","464","283","1862","548","825","500","1037","193","740","220","547","177","1345","389","1528","401","267","157","629","626","42","75","1329","491","0","14","303","254","303","124","449","209","217","140","2089","418","259","143","378","151","594","231","858","273","1752","521","1626","530","856","331","770","272","126","76","45","52","81","61","2467","618","1045","267","722","358","700","204","38","36","533","387","598","399","650","370","749","396","1412","499","1976","712","2147","719","728","446","240","197","488","269","0","14","0","14","128","184","149","199","150","104","30","44","137","85","22","28","112","75",N,N,"297","196","272","268","159","81","2873","680","275","165","53","84","0","14","53","84","53","84","164","115","85","99","79","83","58","48","58","48","34","42","241","136","94","124","102","93","0","14","9","15","0","14","0","14","70","80","0","14","94","124","158","100","0","14","59","74","39","38","60","55","154","110","145","108","11","18","134","106","9","15","9","15","0","14","222","116","22","36","123","105","77","54",(X),(X),(X),(X),(X),(X),(X),(X),(X),(X),(X),(X),(X),(X),(X),(X),"201","108","9","15","192","106","0","14","0","14","64","92","0","14","79","83","0","14","0","14","11","17","47","40",(X),(X),"22","36","112","103","67","51","275","165","9.6","5.5","11.4","19.2","0.0","75.8","11.9","20.7","11.4","19.2","8.8","5.4","10.3","7.6","7.6","7.8","7.8","6.7","10.6","9.0","2.5","3.2","15.8","8.2","35.2","37.6","16.2","6.9","0.0","52.3","0.7","1.2","-",**,"0.0","13.1","23.1","23.6","0.0","9.0","43.3","44.3","7.6","5.4","0.0","15.1","15.6","18.1","6.6","7.0","7.0","6.8","8.8","5.4","8.9","5.7","1.3","2.2","17.4","11.2","7.1","12.4","20.0","37.8","0.0","37.7","9.0","4.4","2.1","3.6","17.0","10.6","11.0","8.2",(X),(X),(X),(X),(X),(X),(X),(X),(X),(X),(X),(X),(X),(X),(X),(X),"27.6","13.4","3.8","7.9","39.3","15.1","-",**,"-",**,"50.0","1.1","0.0","24.4","52.7","43.7","0.0","61.9","0.0","26.2","50.0","50.0","42.0","22.5",(X),(X),"7.4","14.1","41.2","23.2","42.1","22.0","9.6","5.5",,"36081055200",9.6,0.147612141424889,0.144341048797936,Cloudburst Road,1053636.13902225,204528.361208389
91,"502.01","4",Queens,"050201","4050201",I,Hollis,QN1206,QN12,QN12 Jamaica-St. Albans-Hollis (CD 12 Approximation),"36081050201","4412",5546.25656881,1810554.18181,367,"36081050201","Census Tract 502.01; Queens County; New York","1358","371","225","126","49","53","176","89","225","126","907","320","340","230","567","156","425","136","226","85","580","181","778","210","0","14","1018","365","0","14","36","40","0","14","120","95","184","171","204","135","0","14","952","249","158","75","297","100","326","141","171","80","758","294","720","285","345","169","375","169","38","34","25","27","13","21","1143","348","516","181","258","217","369","116","69","110","102","115","128","128","229","167","229","167","750","293","856","290","985","320","103","56","15","19","88","59","0","14","0","14","0","14","12","19","0","14","13","22","21","28","13","14","44","51",N,N,"31","35","18","20","54","52","1358","371","96","116","38","63","25","42","13","22","38","63","43","51","12","19","31","47","15","26","15","26","38","36","58","85","0","14","81","112","0","14","0","14","0","14","15","26","0","14","15","26","0","14","58","58","0","14","55","57","3","5","0","14","40","50","15","26","15","26","0","14","25","28","12","19","13","21","58","58","0","14","27","32","31","34",(X),(X),(X),(X),(X),(X),(X),(X),(X),(X),(X),(X),(X),(X),(X),(X),"15","19","15","19","0","14","0","14","0","14","0","14","12","19","0","14","0","14","3","5","0","14","0","14",(X),(X),"0","14","12","19","3","5","96","116","7.1","8.1","16.9","24.7","51.0","50.4","7.4","12.4","16.9","24.7","4.7","5.5","3.5","6.2","5.5","7.8","3.5","6.4","6.6","11.8","6.6","6.1","7.5","10.4","-",**,"8.0","10.3","-",**,"0.0","56.5","-",**,"12.5","30.4","0.0","20.5","7.4","13.5","-",**,"6.1","6.2","0.0","23.3","18.5","17.4","0.9","1.7","0.0","21.8","5.3","6.5","2.1","3.7","4.3","7.4","0.0","10.7","65.8","46.6","48.0","52.0","100.0","94.1","5.1","5.2","0.0","7.9","10.5","16.3","8.4","9.2",(X),(X),(X),(X),(X),(X),(X),(X),(X),(X),(X),(X),(X),(X),(X),(X),"14.6","22.1","100.0","87.6","0.0","35.9","-",**,"-",**,"-",**,"100.0","97.9","-",**,"0.0","94.1","14.3","44.8","0.0","94.1","0.0","51.1",(X),(X),"0.0","60.9","66.7","50.5","5.6","12.7","7.1","8.1",,"36081050201",7.1,0.123719261986482,0.0223733208162965,Retention Street,1049429.07555534,197599.724659175
92,"194","4",Queens,"019400","4019400",E,South Jamaica,QN1202,QN12,QN12 Jamaica-St. Albans-Hollis (CD 12 Approximation),"36081019400","4412",7804.62071726,3276890.91835,163,"36081019400","Census Tract 194; Queens County; New York","2962","414","584","203","200","114","384","153","584","203","1978","293","777","162","1201","184","762","159","400","117","1494","243","1468","230","30","46","1311","316","0","14","447","214","0","14","799","311","375","204","825","311","0","14","2062","316","283","98","568","136","644","155","567","146","1720","278","1513","266","779","168","734","150","207","103","111","71","96","66","2403","328","1118","233","541","149","744","175","132","118","312","186","417","204","652","265","812","282","1027","291","1521","354","1798","344","267","112","163","82","104","46","0","14","0","14","0","14","36","27","23","19","28","40","40","35","100","57","40","35",N,N,"86","51","54","59","127","60","2962","414","251","154","87","80","25","39","62","60","87","80","163","96","78","53","85","49","33","34","1","2","100","59","151","105","0","14","110","109","0","14","97","106","0","14","44","54","0","14","11","16","0","14","129","77","28","32","44","39","35","38","22","23","100","79","65","45","25","23","40","38","35","39","17","27","18","29","169","98","5","8","60","43","104","70",(X),(X),(X),(X),(X),(X),(X),(X),(X),(X),(X),(X),(X),(X),(X),(X),"37","27","25","26","12","11","0","14","0","14","0","14","14","18","6","8","0","14","16","21","0","14","1","2",(X),(X),"0","14","19","20","18","19","251","154","8.5","5.1","14.9","12.2","12.5","18.5","16.1","12.8","14.9","12.2","8.2","5.0","10.0","6.7","7.1","4.4","4.3","4.4","0.3","0.5","6.7","3.9","10.3","7.1","0.0","61.9","8.4","8.0","-",**,"21.7","20.1","-",**,"5.5","7.1","0.0","10.7","1.3","2.0","-",**,"6.3","3.8","9.9","11.1","7.7","7.2","5.4","5.9","3.9","4.5","5.8","4.7","4.3","3.2","3.2","3.0","5.4","5.2","16.9","19.2","15.3","25.0","18.8","27.4","7.0","4.2","0.4","0.8","11.1","7.1","14.0","8.9",(X),(X),(X),(X),(X),(X),(X),(X),(X),(X),(X),(X),(X),(X),(X),(X),"13.9","8.7","15.3","12.8","11.5","10.8","-",**,"-",**,"-",**,"38.9","38.1","26.1","35.6","0.0","64.1","40.0","45.7","0.0","33.1","2.5","5.3",(X),(X),"0.0","36.4","35.2","19.5","14.2","14.6","8.5","5.1",,"36081019400",8.5,0.137175586376174,0.032852715947768,Cloudburst Road,1038758.47011022,189237.976975875
93,"330","4",Queens,"033000","4033000",I,Springfield Gardens (North)-Rochdale Village,QN1204,QN12,QN12 Jamaica-St. Albans-Hollis (CD 12 Approximation),"36081033000","4412",15153.9574199,8815542.52867,255,"36081033000","Census Tract 330; Queens County; New York","6920","1108","1491","454","272","200","1219","366","1491","454","4509","745","1322","506","3187","475","1365","295","920","263","3217","627","3703","736","97","119","5473","1166","21","33","214","169","0","19","721","412","394","312","726","385","97","119","4603","612","370","254","1689","446","1251","334","1293","335","3499","566","3229","510","1555","270","1674","355","270","158","110","89","160","155","5608","863","2800","504","936","267","1872","462","302","244","591","284","592","284","651","294","716","294","2565","747","2873","790","4529","1010","1056","336","490","212","566","204","0","19","0","19","56","58","55","51","199","167","242","149","418","174","21","31","65","60","9253","4586","642","289","143","114","271","129","6902","1108","572","289","114","117","69","88","45","52","114","117","387","186","124","92","263","161","121","82","71","57","227","113","345","200","0","19","411","242","0","19","45","71","0","19","112","119","4","6","114","120","0","19","362","195","48","71","119","89","126","99","69","57","68","62","68","62","10","21","58","59","0","19","0","19","0","19","458","220","0","19","109","100","349","169",(X),(X),(X),(X),(X),(X),(X),(X),(X),(X),(X),(X),(X),(X),(X),(X),"132","100","62","57","70","77","0","19","0","19","31","42","9","21","26","36","48","71","18","27","0","19","0","19",(X),(X),"0","19","18","41","114","89","563","288","8.3","4.1","7.6","7.5","25.4","33.6","3.7","4.2","7.6","7.5","8.6","4.1","9.4","7.4","8.3","5.0","8.9","6.1","7.7","6.7","7.1","3.5","9.3","5.4","0.0","33.8","7.5","4.4","0.0","74.0","21.0","28.5","-",**,"15.5","18.4","1.0","1.9","15.7","17.6","0.0","33.8","7.9","4.2","13.0","21.2","7.0","4.9","10.1","7.9","5.3","4.7","1.9","1.8","2.1","2.0","0.6","1.4","3.5","3.6","0.0","14.5","0.0","31.0","0.0","23.0","8.2","3.9","0.0","1.5","11.6","10.4","18.6","8.3",(X),(X),(X),(X),(X),(X),(X),(X),(X),(X),(X),(X),(X),(X),(X),(X),"12.5","8.9","12.7","10.1","12.4","13.2","-",**,"-",**,"55.4","52.8","16.4","37.0","13.1","12.4","19.8","27.1","4.3","6.4","0.0","74.0","0.0","42.1",(X),(X),"0.0","6.4","12.6","30.5","42.1","25.7","8.2","4.1",,"36081033000",8.3,0.14388006129336,0.0191434246810396,Retention Street,1049792.60980688,183513.406399781
94,"328","4",Queens,"032800","4032800",I,Laurelton,QN1305,QN13,QN13 Queens Village-Bellerose-Rosedale (CD 13 Approximation),"36081032800","4413",11189.8969935,3949347.61302,253,"36081032800","Census Tract 328; Queens County; New York","2815","472","747","291","187","142","560","192","747","291","1541","252","511","151","1030","205","663","135","527","118","1324","261","1491","264","2","5","2302","458","21","30","4","6","0","14","417","266","69","45","375","237","2","5","1845","237","221","108","642","143","563","137","419","114","1322","247","1184","195","501","112","683","159","138","105","94","93","44","34","2130","259","945","229","408","100","777","136","57","37","362","205","387","207","482","211","690","248","1536","520","1700","513","1978","538","316","98","104","52","212","91","0","14","0","14","3","5","44","49","26","29","67","44","32","32","71","41","73","38","8869","3098","102","74","71","49","143","54","2782","471","281","187","122","130","11","17","111","124","122","130","115","61","15","17","100","62","62","45","44","40","152","122","129","72","1","3","150","88","7","10","0","14","0","14","119","170","4","6","136","171","1","3","156","73","16","15","63","37","66","43","11","18","77","81","42","36","21","28","21","22","35","51","19","27","16","24","179","94","36","32","49","57","94","44",(X),(X),(X),(X),(X),(X),(X),(X),(X),(X),(X),(X),(X),(X),(X),(X),"70","36","25","13","45","33","0","14","0","14","1","3","7","8","24","29","9","12","13","13","16","17","0","14",(X),(X),"0","14","0","14","70","36","262","186","10.0","6.7","16.3","16.9","5.9","10.9","19.8","19.9","16.3","16.9","7.5","4.3","2.9","3.2","9.7","6.2","9.4","6.6","8.3","7.4","11.5","8.9","8.7","5.2","50.0","50.0","6.5","4.0","33.3","10.3","0.0","100.0","-",**,"28.5","35.1","5.8","8.4","36.3","35.2","50.0","50.0","8.5","4.2","7.2","7.2","9.8","6.3","11.7","7.8","2.6","4.1","5.8","6.3","3.5","3.2","4.2","5.7","3.1","3.3","25.4","34.7","20.2","34.8","36.4","42.2","8.4","4.6","3.8","3.5","12.0","14.3","12.1","6.1",(X),(X),(X),(X),(X),(X),(X),(X),(X),(X),(X),(X),(X),(X),(X),(X),"22.2","11.5","24.0","15.8","21.2","16.5","-",**,"-",**,"33.3","66.7","15.9","29.4","92.3","16.7","13.4","18.7","40.6","47.7","22.5","25.0","0.0","39.7",(X),(X),"0.0","32.7","0.0","40.2","49.0","21.2","9.4","6.7",,"36081032800",10,0.156153482082746,0.0367136479874258,Cloudburst Road,1052020.76476692,184139.611338496
95,"270","4",Queens,"027000","4027000",I,South Jamaica,QN1202,QN12,QN12 Jamaica-St. Albans-Hollis (CD 12 Approximation),"36081027000","4412",6319.6171098,1992019.02173,215,"36081027000","Census Tract 270; Queens County; New York","1937","608","495","328","36","40","459","325","495","328","1312","337","534","179","778","195","254","86","130","50","1010","368","927","283","443","531","826","250","0","14","272","168","0","14","325","197","71","88","217","217","275","323","1126","263","321","150","364","121","194","101","247","97","1011","270","873","266","430","187","443","117","138","62","92","47","46","39","1564","414","674","206","387","141","503","128","45","37","106","54","111","55","563","474","726","502","881","502","1367","535","1558","550","185","107","67","52","118","92","0","14","0","14","11","19","7","10","55","82","44","45","30","29","21","24","17","18","6441","1494","93","92","36","39","56","27","1911","609","100","54","6","10","0","14","6","10","6","10","63","45","18","21","45","43","38","25","31","25","55","45","45","30","0","14","87","54","0","14","11","19","0","14","2","6","0","14","13","21","0","14","83","53","36","26","20","23","2","4","25","36","38","39","11","19","0","14","11","19","27","36","27","36","0","14","94","53","0","14","38","39","56","37",(X),(X),(X),(X),(X),(X),(X),(X),(X),(X),(X),(X),(X),(X),(X),(X),"70","45","43","43","27","24","0","14","0","14","11","19","7","10","0","14","25","36","5","6","15","22","7","12",(X),(X),"0","14","36","39","34","25","88","54","5.2","3.6","1.2","2.2","0.0","56.5","1.3","2.5","1.2","2.2","4.8","3.8","3.4","4.1","5.8","5.5","15.0","11.0","23.8","18.2","5.4","5.2","4.9","3.6","0.0","9.1","10.5","6.7","-",**,"4.0","7.2","-",**,"0.6","2.3","0.0","40.2","6.0","13.0","0.0","14.3","7.4","5.3","11.2","11.7","5.5","6.4","1.0","1.9","10.1","12.4","3.8","4.1","1.3","2.3","0.0","9.4","2.5","4.5","19.6","24.8","29.3","35.6","0.0","50.0","6.0","4.2","0.0","6.1","9.8","10.6","11.1","8.2",(X),(X),(X),(X),(X),(X),(X),(X),(X),(X),(X),(X),(X),(X),(X),(X),"37.8","24.5","64.2","37.8","22.9","25.5","-",**,"-",**,"100.0","100.0","100.0","100.0","0.0","45.7","56.8","51.9","16.7","27.3","71.4","46.4","41.2","58.1",(X),(X),"0.0","34.7","100.0","56.5","60.7","22.8","4.6","3.5",,"36081027000",5.2,0.140495186687793,0.0336228853676308,Cloudburst Road,1042100.97683378,190251.530610515
96,"614","4",Queens,"061400","4061400",I,Cambria Heights,QN1304,QN13,QN13 Queens Village-Bellerose-Rosedale (CD 13 Approximation),"36081061400","4413",6934.40346721,2772036.29323,451,"36081061400","Census Tract 614; Queens County; New York","1357","351","324","188","38","46","286","174","324","188","708","200","303","89","405","180","407","97","325","94","665","198","692","219","34","41","1169","351","0","14","42","56","0","14","43","35","69","43","57","45","34","41","883","190","86","46","169","65","332","165","296","80","544","120","518","110","211","80","307","91","26","35","4","7","22","34","1088","244","387","98","176","90","525","177","44","36","90","69","107","71","120","66","147","67","442","266","657","263","938","385","142","59","82","52","60","36","0","14","0","14","0","14","23","23","23","24","0","14","13","11","0","14","83","53",N,N,"39","25","23","29","80","53","1357","351","90","69","5","8","0","14","5","8","5","8","64","68","47","67","17","15","21","29","21","29","69","68","21","29","0","14","61","67","0","14","0","14","0","14","8","12","21","29","8","12","0","14","81","70","21","29","36","37","21","32","3","4","55","68","51","69","51","69","0","14","4","7","4","7","0","14","85","69","0","14","55","68","30","30",(X),(X),(X),(X),(X),(X),(X),(X),(X),(X),(X),(X),(X),(X),(X),(X),"32","32","11","13","21","29","0","14","0","14","0","14","0","14","8","12","0","14","3","4","0","14","21","29",(X),(X),"0","14","8","12","24","30","90","69","6.6","5.3","1.5","2.9","0.0","55.0","1.7","3.4","1.5","2.9","9.0","9.3","15.5","19.1","4.2","3.8","5.2","6.8","6.5","8.3","10.4","10.1","3.0","3.8","0.0","58.2","5.2","6.0","-",**,"0.0","52.3","-",**,"18.6","20.9","30.4","36.9","14.0","15.9","0.0","58.2","9.2","8.0","24.4","31.1","21.3","20.9","6.3","10.3","1.0","1.5","10.1","12.0","9.8","12.8","24.2","26.7","0.0","12.9","15.4","42.1","100.0","100.0","0.0","72.3","7.8","6.5","0.0","10.4","31.3","30.3","5.7","5.8",(X),(X),(X),(X),(X),(X),(X),(X),(X),(X),(X),(X),(X),(X),(X),(X),"22.5","22.1","13.4","17.5","35.0","40.4","-",**,"-",**,"-",**,"0.0","70.7","34.8","34.1","-",**,"23.1","37.8","-",**,"25.3","34.7",(X),(X),"0.0","54.3","34.8","39.2","30.0","35.6","6.6","5.3",,"36081061400",6.6,0.119198306836265,0.0259372873302442,Retention Street,1059265.92063554,189364.12959844
97,"492.02","4",Queens,"049202","4049202",E,Queens Village,QN1303,QN13,QN13 Queens Village-Bellerose-Rosedale (CD 13 Approximation),"36081049202","4413",5738.61840203,2063107.46942,359,"36081049202","Census Tract 492.02; Queens County; New York","2338","669","570","394","312","396","258","114","570","394","1413","396","658","308","755","138","454","163","355","170","1131","473","1207","450","60","45","534","282","0","14","574","185","0","14","712","477","458","462","466","428","19","26","1458","349","172","134","409","179","400","185","477","160","1232","370","1136","347","432","78","704","326","96","69","73","61","23","36","1821","491","823","226","506","293","492","138","82","105","486","506","511","503","637","505","807","567","1246","676","1685","672","1788","642","152","97","115","79","37","43","0","14","0","14","0","14","7","10","75","69","23","37","5","10","12","15","30","42","-",**,"80","79","37","54","35","42","2338","669","462","501","284","398","270","395","14","23","284","398","120","119","37","47","83","82","59","80","58","79","401","482","61","66","0","14","0","14","0","14","77","128","0","14","82","105","303","468","0","14","0","14","142","124","22","38","0","14","71","71","49","77","56","57","32","31","31","31","1","3","24","30","24","30","0","14","178","151","13","21","37","47","128","112",(X),(X),(X),(X),(X),(X),(X),(X),(X),(X),(X),(X),(X),(X),(X),(X),"0","14","0","14","0","14","0","14","0","14","0","14","0","14","0","14","0","14","0","14","0","14","0","14",(X),(X),"0","14","0","14","0","14","462","501","19.8","18.7","49.8","43.0","86.5","30.5","5.4","10.6","49.8","43.0","8.5","8.8","5.6","8.1","11.0","10.6","13.0","16.0","16.3","20.3","35.5","30.3","5.1","5.8","0.0","43.8","0.0","7.6","-",**,"13.4","20.8","-",**,"11.5","15.9","66.2","54.6","0.0","8.7","0.0","77.8","9.7","8.4","12.8","18.1","0.0","9.9","17.8","17.1","10.3","15.4","4.5","5.0","2.8","3.0","7.2","7.6","0.1","0.4","25.0","32.3","32.9","43.0","0.0","70.7","9.8","8.5","1.6","2.7","7.3","10.3","26.0","19.6",(X),(X),(X),(X),(X),(X),(X),(X),(X),(X),(X),(X),(X),(X),(X),(X),"0.0","24.0","0.0","30.0","0.0","55.8","-",**,"-",**,"-",**,"0.0","100.0","0.0","39.2","0.0","70.7","0.0","100.0","0.0","97.9","0.0","61.9",(X),(X),"0.0","37.9","0.0","55.8","0.0","57.3","19.8","18.7",,"36081049202",19.8,0.205307365737935,0.0468207112303758,Cloudburst Road,1051873.33863944,201977.224606284
98,"526","4",Queens,"052600","4052600",I,St. Albans,QN1205,QN12,QN12 Jamaica-St. Albans-Hollis (CD 12 Approximation),"36081052600","4412",5832.43613669,1962757.73243,387,"36081052600","Census Tract 526; Queens County; New York","2324","385","435","191","136","86","299","134","435","191","1567","293","401","108","1166","264","657","204","322","94","1219","247","1105","237","0","14","1754","350","0","14","120","89","0","14","113","84","337","222","237","159","0","14","1703","267","151","64","577","139","582","150","393","205","1180","229","1170","229","596","168","574","110","10","16","0","14","10","16","1944","279","926","207","329","109","689","207","64","40","341","181","362","180","449","181","469","182","780","266","1200","378","1632","441","438","209","342","200","96","51","0","14","0","14","29","32","21","16","47","33","40","30","197","191","65","49","39","35",N,N,"114","97","75","45","249","189","2324","385","253","158","99","99","15","24","84","76","99","99","141","73","53","42","88","48","19","23","13","22","116","91","137","75","0","14","90","62","0","14","35","30","0","14","10","16","118","164","10","16","0","14","116","54","25","28","52","32","22","27","17","20","69","37","69","37","15","22","54","31","0","14","0","14","0","14","167","71","22","23","65","37","80","46",(X),(X),(X),(X),(X),(X),(X),(X),(X),(X),(X),(X),(X),(X),(X),(X),"79","44","28","31","51","33","0","14","0","14","29","32","10","16","0","14","40","30","0","14","0","14","0","14",(X),(X),"15","22","36","29","28","30","253","158","10.9","6.5","22.8","20.3","11.0","18.3","28.1","21.8","22.8","20.3","9.0","4.6","13.2","9.7","7.5","4.3","2.9","3.8","4.0","6.8","9.5","7.2","12.4","6.4","-",**,"5.1","3.7","-",**,"29.2","22.9","-",**,"8.8","12.2","35.0","35.0","4.2","5.7","-",**,"6.8","3.4","16.6","16.6","9.0","5.5","3.8","4.7","4.3","5.6","5.8","2.9","5.9","2.9","2.5","3.6","9.4","5.2","0.0","100.0","-",**,"0.0","100.0","8.6","3.8","2.4","2.4","19.8","8.7","11.6","7.6",(X),(X),(X),(X),(X),(X),(X),(X),(X),(X),(X),(X),(X),(X),(X),(X),"18.0","12.4","8.2","10.2","53.1","26.6","-",**,"-",**,"100.0","63.0","47.6","52.4","0.0","49.5","100.0","53.6","0.0","19.3","0.0","42.1","0.0","54.3",(X),(X),"13.2","20.6","48.0","28.6","11.2","15.6","10.9","6.5",,"36081052600",10.9,0.15619904652716,0.012609016154782,Retention Street,1050866.57634945,193338.920590442
99,"478.02","4",Queens,"047802","4047802",I,Hollis,QN1206,QN12,QN12 Jamaica-St. Albans-Hollis (CD 12 Approximation),"36081047802","4412",5857.63534822,1427568.71121,348,"36081047802","Census Tract 478.02; Queens County; New York","1422","409","283","113","79","111","204","79","283","113","849","361","328","190","521","188","330","66","290","60","748","265","674","182","43","45","534","311","10","16","398","210","0","14","362","315","75","71","342","312","16","25","984","289","326","90","230","131","164","100","264","137","808","354","720","344","313","188","407","173","88","80","81","79","7","11","1139","373","577","306","160","121","402","126","122","118","168","138","168","138","366","188","366","188","550","331","1028","326","1118","293","40","42","10","18","30","38","0","14","0","14","22","37","0","14","0","14","8","12","10","18","0","14","0","14",N,N,"18","18","22","37","0","14","1422","409","168","138","0","14","0","14","0","14","0","14","132","123","81","78","51","52","46","52","36","44","53","64","115","90","0","14","25","40","0","14","21","35","0","14","70","92","52","70","122","118","0","14","87","75","41","49","0","14","36","39","10","16","106","99","74","74","0","14","74","74","32","52","32","52","0","14","168","138","25","34","49","47","94","107",(X),(X),(X),(X),(X),(X),(X),(X),(X),(X),(X),(X),(X),(X),(X),(X),"22","37","0","14","22","37","0","14","0","14","22","37","0","14","0","14","0","14","0","14","0","14","0","14",(X),(X),"0","14","22","37","0","14","168","138","11.8","9.9","0.0","13.9","0.0","38.2","0.0","18.7","0.0","13.9","15.5","14.1","24.7","19.7","9.8","10.8","13.9","14.9","12.4","14.4","7.1","8.7","17.1","13.6","0.0","51.7","4.7","8.4","0.0","100.0","5.3","8.8","-",**,"19.3","18.9","69.3","57.7","35.7","32.2","0.0","84.8","8.8","8.4","12.6","14.2","0.0","16.8","22.0","26.4","3.8","7.2","13.1","12.1","10.3","10.3","0.0","12.7","18.2","16.4","36.4","48.7","39.5","53.6","0.0","100.0","14.7","12.1","4.3","6.7","30.6","20.8","23.4","23.1",(X),(X),(X),(X),(X),(X),(X),(X),(X),(X),(X),(X),(X),(X),(X),(X),"55.0","48.9","0.0","100.0","73.3","48.2","-",**,"-",**,"100.0","72.3","-",**,"-",**,"0.0","100.0","0.0","100.0","-",**,"-",**,(X),(X),"0.0","79.9","100.0","72.3","-",**,"11.8","9.9",,"36081047802",11.8,0.173622051041929,0.0649972673545109,Cloudburst Road,1050087.46344713,201222.654339294
100,"358","4",Queens,"035800","4035800",I,Laurelton,QN1305,QN13,QN13 Queens Village-Bellerose-Rosedale (CD 13 Approximation),"36081035800","4413",9912.32674546,5641713.92695,268,"36081035800","Census Tract 358; Queens County; New York","4538","717","887","271","163","118","724","232","835","258","3045","602","1152","356","1893","417","880","208","606","169","1983","319","2555","501","119","129","3935","719","0","14","46","62","0","14","147","206","291","244","44","46","119","129","3198","560","205","85","1086","252","921","214","986","312","2477","463","2393","444","1071","240","1322","285","84","67","60","61","24","27","3789","647","2045","422","582","182","1162","341","152","143","631","416","643","417","808","450","808","450","1532","534","1893","576","3259","637","553","224","333","136","220","145","42","69","10","16","63","72","89","81","100","90","111","89","64","44","54","32","20","25","12694","1426","259","131","67","68","227","168","4527","717","278","204","75","96","0","14","75","96","23","38","174","121","65","78","109","97","29","44","29","44","96","67","182","144","77","121","157","120","0","14","0","14","0","14","20","32","24","43","20","32","77","121","160","112","10","15","113","102","37","44","0","14","31","36","20","32","0","14","20","32","11","18","0","14","11","18","213","134","0","14","35","40","178","121",(X),(X),(X),(X),(X),(X),(X),(X),(X),(X),(X),(X),(X),(X),(X),(X),"176","176","59","55","117","129","42","69","10","16","43","47","22","37","34","52","25","43","0","14","0","14","0","14",(X),(X),"0","14","20","32","156","174","275","204","6.1","4.5","8.5","10.4","0.0","22.7","10.4","12.5","2.8","4.7","5.7","3.9","5.6","6.4","5.8","5.1","3.3","5.0","4.8","7.2","4.8","3.4","7.1","5.5","64.7","52.0","4.0","3.2","-",**,"0.0","50.0","-",**,"13.6","38.0","8.2","20.0","45.5","54.5","64.7","52.0","5.0","3.6","4.9","7.5","10.4","9.3","4.0","4.8","0.0","4.2","1.3","1.5","0.8","1.3","0.0","3.9","1.5","2.4","13.1","22.9","0.0","43.8","45.8","54.2","5.6","3.6","0.0","2.1","6.0","6.8","15.3","10.8",(X),(X),(X),(X),(X),(X),(X),(X),(X),(X),(X),(X),(X),(X),(X),(X),"31.8","25.4","17.7","16.0","53.2","34.5","100.0","52.3","100.0","100.0","68.3","30.4","24.7","40.0","34.0","45.7","22.5","34.6","0.0","42.4","0.0","46.1","0.0","75.8",(X),(X),"0.0","15.1","29.9","27.7","68.7","37.8","6.1","4.5",,"36081035800",6.1,0.126475470852136,0.0194661147459003,Retention Street,1053323.82821934,185583.196392775
101,"664.03","4",Queens,"066403","4066403",I,Rosedale,QN1307,QN13,QN13 Queens Village-Bellerose-Rosedale (CD 13 Approximation),"36081066403","4413",11109.0398163,3916205.36524,491,"36081066403","Census Tract 664.03; Queens County; New York","5738","1351","1466","768","336","241","1130","693","1466","768","3605","780","1433","410","2172","431","1067","248","667","196","2955","837","2783","605","519","485","4552","1353","0","19","112","115","3","5","320","238","232","306","747","380","519","485","3523","577","165","97","844","297","1229","347","1285","352","2666","566","2462","543","1094","304","1368","398","204","114","63","59","141","99","4511","889","1729","399","911","335","1871","593","110","101","1549","1172","1765","1190","2033","1181","2033","1181","2850","1293","3438","1328","3730","1346","571","309","286","156","285","176","0","19","0","19","34","58","155","149","91","79","30","45","97","81","162","135","2","4","11127","3313","272","167","127","93","172","114","5724","1351","1244","1185","604","665","118","161","486","629","604","665","562","533","294","273","268","274","93","79","78","74","727","691","517","510","313","466","862","1105","0","19","2","5","3","5","29","49","35","58","64","74","313","466","381","278","48","51","48","77","234","244","51","63","217","244","217","244","17","24","200","243","0","19","0","19","0","19","793","738","14","23","203","243","576","503",(X),(X),(X),(X),(X),(X),(X),(X),(X),(X),(X),(X),(X),(X),(X),(X),"154","110","97","80","57","68","0","19","0","19","34","58","21","35","3","5","1","4","17","23","76","74","2","4",(X),(X),"0","19","3","5","151","110","1236","1185","21.7","17.2","41.2","31.8","35.1","41.1","43.0","37.0","41.2","31.8","15.6","13.1","20.5","16.3","12.3","11.6","8.7","7.2","11.7","10.1","24.6","19.2","18.6","15.8","60.3","50.3","18.9","20.4","-",**,"1.8","4.6","100.0","100.0","9.1","15.3","15.1","8.3","8.6","9.0","60.3","50.3","10.8","7.4","29.1","27.6","5.7","9.2","19.0","16.6","4.0","4.9","8.1","8.7","8.8","9.4","1.6","2.2","14.6","15.9","0.0","18.7","0.0","42.7","0.0","25.6","17.6","14.0","0.8","1.3","22.3","23.1","30.8","20.2",(X),(X),(X),(X),(X),(X),(X),(X),(X),(X),(X),(X),(X),(X),(X),(X),"27.0","12.9","33.9","22.0","20.0","22.8","-",**,"-",**,"100.0","58.2","13.5","17.3","3.3","6.7","3.3","27.8","17.5","24.8","46.9","25.0","100.0","100.0",(X),(X),"0.0","14.4","2.4","4.0","87.8","15.7","21.6","17.2",,"36081066403",21.7,0.220827605147482,0.032699504656162,Cloudburst Road,1058314.9410926,176897.997791298
102,"598","4",Queens,"059800","4059800",E,Cambria Heights,QN1304,QN13,QN13 Queens Village-Bellerose-Rosedale (CD 13 Approximation),"36081059800","4413",6172.2356959,2227865.39906,439,"36081059800","Census Tract 598; Queens County; New York","1670","559","354","365","223","283","131","98","354","365","966","255","374","132","592","164","434","119","350","105","591","155","1079","448","69","52","1225","544","0","14","101","148","0","14","224","169","51","54","174","122","44","42","1134","217","147","121","283","114","324","172","380","131","797","233","776","229","350","134","426","125","21","21","11","16","10","16","1322","249","514","154","287","109","521","129","4","3","93","129","97","129","226","201","352","216","1083","569","1187","576","1261","576","138","70","55","42","83","48","0","14","0","14","0","14","32","49","65","51","8","12","23","26","10","12","0","14",N,N,"124","68","0","14","14","10","1662","559","92","130","46","72","24","38","22","34","46","72","24","32","2","4","22","32","22","28","22","28","26","34","66","96","2","4","90","130","0","14","0","14","0","14","0","14","0","14","0","14","2","4","46","59","1","4","38","57","1","3","6","10","20","32","20","32","0","14","20","32","0","14","0","14","0","14","46","59","0","14","20","32","26","28",(X),(X),(X),(X),(X),(X),(X),(X),(X),(X),(X),(X),(X),(X),(X),(X),"10","9","4","3","6","10","0","14","0","14","0","14","2","4","0","14","1","4","1","3","6","10","0","14",(X),(X),"0","14","0","14","10","9","88","130","5.5","7.8","13.0","25.5","10.8","27.3","16.8","26.5","13.0","25.5","2.5","3.3","0.5","1.1","3.7","5.2","5.1","6.7","6.3","8.3","4.4","5.9","6.1","9.0","2.9","6.2","7.3","10.5","-",**,"0.0","32.9","-",**,"0.0","17.2","0.0","47.5","0.0","21.5","4.5","9.5","4.1","5.1","0.7","3.2","13.4","17.9","0.3","0.8","1.6","2.7","2.5","4.0","2.6","4.1","0.0","11.4","4.7","7.1","0.0","74.0","0.0","100.0","0.0","100.0","3.5","4.4","0.0","7.9","7.0","10.8","5.0","5.6",(X),(X),(X),(X),(X),(X),(X),(X),(X),(X),(X),(X),(X),(X),(X),(X),"7.2","7.3","7.3","9.4","7.2","12.2","-",**,"-",**,"-",**,"6.3","19.4","0.0","42.1","12.5","50.8","4.3","17.1","60.0","44.0","-",**,(X),(X),"0.0","28.3","-",**,"71.4","27.1","5.3","7.8",,"36081059800",5.5,0.132699688827973,0.0302582746358363,Cloudburst Road,1056159.71099766,193792.994945482
103,"258","4",Queens,"025800","4025800",E,South Jamaica,QN1202,QN12,QN12 Jamaica-St. Albans-Hollis (CD 12 Approximation),"36081025800","4412",6100.84943857,2280364.86975,202,"36081025800","Census Tract 258; Queens County; New York","2693","586","591","179","164","107","427","145","591","179","1745","490","653","219","1092","309","501","109","357","92","1253","246","1440","418","12","18","1331","683","0","14","852","402","0","14","498","220","0","14","348","207","0","14","1838","392","378","149","659","362","564","133","237","92","1367","288","1194","272","571","125","623","252","173","67","118","61","55","33","2184","479","882","263","526","219","776","172","208","301","273","316","302","318","351","320","490","354","1343","428","1756","398","1947","383","157","98","79","66","78","50","0","14","0","14","0","14","0","14","11","17","24","39","28","28","66","50","28","28",N,N,"63","57","24","39","70","60","2693","586","273","316","89","133","50","82","39","53","89","133","151","166","86","110","65","69","33","29","33","29","153","177","120","141","0","14","1","2","0","14","207","301","0","14","65","77","0","14","65","77","0","14","152","163","65","102","20","23","57","60","10","15","68","74","36","45","36","45","0","14","32","32","26","27","6","9","184","189","10","18","32","42","142","144",(X),(X),(X),(X),(X),(X),(X),(X),(X),(X),(X),(X),(X),(X),(X),(X),"20","27","11","15","9","13","0","14","0","14","0","14","0","14","0","14","0","14","9","13","11","15","0","14",(X),(X),"0","14","0","14","20","27","273","316","10.1","11.4","15.1","20.9","30.5","41.3","9.1","12.5","15.1","20.9","8.7","9.5","13.2","16.1","6.0","6.5","6.6","5.8","9.2","8.2","12.2","13.1","8.3","9.9","0.0","97.9","0.1","0.2","-",**,"24.3","31.9","-",**,"13.1","16.1","-",**,"18.7","21.8","-",**,"8.3","8.7","17.2","24.0","3.0","4.1","10.1","10.4","4.2","5.3","5.0","5.4","3.0","3.9","6.3","7.8","0.0","6.6","18.5","16.6","22.0","21.1","10.9","16.3","8.4","8.6","1.1","2.1","6.1","8.2","18.3","15.7",(X),(X),(X),(X),(X),(X),(X),(X),(X),(X),(X),(X),(X),(X),(X),(X),"12.7","18.0","13.9","24.2","11.5","15.7","-",**,"-",**,"-",**,"-",**,"0.0","100.0","0.0","69.2","32.1","46.7","16.7","21.7","0.0","64.1",(X),(X),"0.0","42.7","0.0","69.2","28.6","46.8","10.1","11.4",,"36081025800",10.1,0.163101322790436,0.0236920339033491,Retention Street,1043236.63338635,192934.873481167
104,"240","4",Queens,"024000","4024000",I,Jamaica,QN1201,QN12,QN12 Jamaica-St. Albans-Hollis (CD 12 Approximation),"36081024000","4412",7990.59341166,2899285.26525,189,"36081024000","Census Tract 240; Queens County; New York","6530","1249","1363","368","336","165","1027","364","1363","368","4164","878","1705","615","2459","403","1280","464","1003","408","3382","726","3148","689","256","252","909","446","10","17","1439","708","0","19","3590","1334","326","214","3364","1241","256","252","4417","924","1236","527","1052","361","1269","336","860","434","4005","1102","3661","1063","1967","616","1694","551","344","184","172","139","172","109","5492","1229","2051","614","1924","727","1517","426","230","134","1228","551","1983","734","2487","629","2557","637","4258","1003","5479","1171","6166","1264","1269","345","780","329","489","207","0","19","0","19","234","177","156","216","476","194","122","108","121","125","70","61","90","96","7427","2962","378","185","574","300","317","175","6473","1249","800","327","117","121","24","38","93","115","117","121","437","202","86","69","351","179","335","185","246","162","447","229","353","185","172","213","267","204","0","19","17","23","0","19","214","171","130","179","221","171","172","213","614","270","318","251","42","40","179","116","75","59","252","140","97","98","11","18","86","97","155","127","73","85","82","72","709","294","11","18","128","109","570","249",(X),(X),(X),(X),(X),(X),(X),(X),(X),(X),(X),(X),(X),(X),(X),(X),"333","164","199","153","134","108","0","19","0","19","0","19","7","12","103","86","26","29","89","113","30","38","78","92",(X),(X),"0","19","60","94","273","163","784","324","12.3","5.3","8.6","8.6","7.1","10.8","9.1","11.2","8.6","8.6","10.5","4.9","5.0","4.5","14.3","6.9","26.2","13.5","24.5","17.1","13.2","6.5","11.2","6.1","67.2","35.5","29.4","23.5","0.0","100.0","1.2","1.7","-",**,"6.0","4.9","39.9","38.2","6.6","5.2","67.2","35.5","13.9","6.3","25.7","16.8","4.0","4.2","14.1","10.0","8.7","8.3","6.3","3.9","2.6","2.9","0.6","1.0","5.1","6.0","45.1","22.8","42.4","33.7","47.7","34.2","12.9","5.6","0.5","0.9","6.7","6.0","37.6","13.5",(X),(X),(X),(X),(X),(X),(X),(X),(X),(X),(X),(X),(X),(X),(X),(X),"26.2","13.5","25.5","18.5","27.4","20.3","-",**,"-",**,"0.0","16.5","4.5","15.7","21.6","18.5","21.3","33.6","73.6","45.7","42.9","38.3","86.7","27.8",(X),(X),"0.0","10.6","10.5","16.4","86.1","17.1","12.1","5.3",,"36081024000",12.3,0.152548043856624,0.0254104280951685,Retention Street,1038293.92095745,195559.770856608
105,"334.05","4",Queens,"033405","4033405",I,Springfield Gardens (North)-Rochdale Village,QN1204,QN12,QN12 Jamaica-St. Albans-Hollis (CD 12 Approximation),"36081033405","4412",7667.61291824,2959525.0674,260,"36081033405","Census Tract 334.05; Queens County; New York","3573","564","718","252","165","167","553","261","718","252","2160","455","472","337","1688","389","1065","285","695","294","1733","417","1840","322","77","65","3252","586","0","14","0","14","0","14","119","96","125","87","132","149","77","65","2726","431","70","57","788","278","576","235","1292","350","1862","492","1794","486","737","246","1057","315","68","75","68","75","0","14","2945","452","1287","283","613","259","1045","298","82","114","234","199","266","203","491","287","615","331","785","359","1254","392","1975","522","613","198","172","163","441","145","0","14","0","14","0","14","27","43","0","14","163","170","312","121","12","21","99","78",N,N,"286","129","36","33","291","181","3573","564","234","199","0","14","0","14","0","14","0","14","200","192","0","14","200","192","48","58","34","54","152","169","82","81","0","14","188","176","0","14","0","14","0","14","0","14","46","59","0","14","0","14","234","199","0","14","130","129","0","14","104","162","0","14","0","14","0","14","0","14","0","14","0","14","0","14","234","199","0","14","12","20","222","198",(X),(X),(X),(X),(X),(X),(X),(X),(X),(X),(X),(X),(X),(X),(X),(X),"164","171","116","163","48","58","0","14","0","14","0","14","0","14","0","14","104","162","26","30","0","14","34","54",(X),(X),"0","14","12","20","152","170","234","199","6.5","5.8","0.0","5.7","0.0","22.5","0.0","7.4","0.0","5.7","9.3","9.1","0.0","8.6","11.8","11.1","4.5","5.7","4.9","8.2","8.8","9.7","4.5","4.5","0.0","38.6","5.8","5.7","-",**,"-",**,"-",**,"0.0","29.2","36.8","33.7","0.0","27.0","0.0","38.6","8.6","7.6","0.0","40.5","16.5","14.9","0.0","7.1","8.0","12.7","0.0","2.3","0.0","2.3","0.0","5.6","0.0","3.9","0.0","41.1","0.0","41.1","-",**,"7.9","7.1","0.0","3.2","2.0","3.7","21.2","17.3",(X),(X),(X),(X),(X),(X),(X),(X),(X),(X),(X),(X),(X),(X),(X),(X),"26.8","23.6","67.4","44.0","10.9","13.4","-",**,"-",**,"-",**,"0.0","65.3","-",**,"63.8","55.2","8.3","9.6","0.0","97.9","34.3","47.4",(X),(X),"0.0","13.8","33.3","45.9","52.2","37.4","6.5","5.8",,"36081033405",6.5,0.114350518822434,0.0118911530854194,Retention Street,1048666.46119399,184716.459415537
106,"510","4",Queens,"051000","4051000",I,Hollis,QN1206,QN12,QN12 Jamaica-St. Albans-Hollis (CD 12 Approximation),"36081051000","4412",7777.7085223,1989781.12568,374,"36081051000","Census Tract 510; Queens County; New York","1490","377","400","154","112","58","288","145","369","151","885","276","365","186","520","172","269","74","205","66","654","246","836","166","35","52","1071","365","0","14","310","167","0","14","45","66","29","25","90","101","35","52","860","223","119","84","279","108","217","120","245","93","669","234","638","235","288","141","350","123","31","18","26","17","5","8","1157","296","587","239","106","53","464","138","215","183","353","164","366","170","423","183","458","192","626","225","925","222","1268","374","304","182","98","58","206","139","16","24","15","22","183","162","0","14","18","20","23","26","8","12","13","15","28","27",N,N,"180","163","7","11","117","70","1490","377","344","163","176","131","66","50","110","106","145","123","154","79","88","69","66","48","24","21","14","19","106","64","238","111","0","14","309","172","0","14","20","30","0","14","15","22","0","14","15","22","0","14","95","50","0","14","62","38","23","26","10","15","52","62","52","62","10","15","42","64","0","14","0","14","0","14","183","80","52","62","15","19","116","64",(X),(X),(X),(X),(X),(X),(X),(X),(X),(X),(X),(X),(X),(X),(X),(X),"127","91","25","28","102","80","16","24","15","22","73","70","0","14","0","14","23","26","0","14","0","14","0","14",(X),(X),"42","64","0","14","85","66","344","163","23.1","9.7","44.0","26.1","58.9","28.6","38.2","31.8","39.3","27.6","17.4","6.2","24.1","10.5","12.7","8.7","8.9","7.8","6.8","8.9","16.2","9.5","28.5","11.4","0.0","57.3","28.9","12.4","-",**,"6.5","10.7","-",**,"33.3","66.7","0.0","63.0","16.7","24.3","0.0","57.3","11.0","5.2","0.0","29.2","22.2","15.2","10.6","8.7","4.1","6.5","7.8","8.0","8.2","8.3","3.5","6.3","12.0","15.7","0.0","60.9","0.0","66.5","0.0","100.0","15.8","5.2","8.9","8.8","14.2","15.3","25.0","8.2",(X),(X),(X),(X),(X),(X),(X),(X),(X),(X),(X),(X),(X),(X),(X),(X),"41.8","14.2","25.5","26.0","49.5","16.3","100.0","84.8","100.0","87.6","39.9","15.3","-",**,"0.0","79.9","100.0","70.7","0.0","100.0","0.0","94.1","0.0","64.1",(X),(X),"23.3","21.0","0.0","100.0","72.6","25.1","23.1","9.7",,"36081051000",23.1,0.209731227248816,0.0213719804993416,Retention Street,1052529.91209968,197939.665547826
107,"446.02","4",Queens,"044602","4044602",E,Jamaica,QN1201,QN12,QN12 Jamaica-St. Albans-Hollis (CD 12 Approximation),"36081044602","4412",5531.97035733,1830580.3737,320,"36081044602","Census Tract 446.02; Queens County; New York","4754","789","977","342","232","131","745","321","965","340","3344","659","910","220","2434","613","1103","424","433","171","2601","587","2153","356","529","311","886","411","7","14","1777","457","27","50","1118","334","410","280","1505","462","517","314","3228","656","928","276","961","254","618","194","721","420","2323","581","1976","582","1132","475","844","248","347","144","214","123","133","89","3924","673","1146","476","1136","323","1642","257","734","274","2021","606","2429","681","2670","649","2743","644","3505","770","4121","716","4482","766","1463","401","667","360","796","183","12","25","0","14","156","139","221","159","318","193","229","200","305","136","185","98","37","44","9583","1553","327","281","388","202","748","197","4109","791","1474","455","291","210","90","113","201","166","279","209","994","274","311","159","683","240","301","154","189","102","612","280","862","262","159","138","351","157","7","14","413","312","0","14","382","249","162","99","525","233","159","138","1057","280","394","168","454","180","153","87","56","57","471","197","277","190","99","79","178","146","194","123","114","90","80","75","1218","300","71","64","278","148","869","229",(X),(X),(X),(X),(X),(X),(X),(X),(X),(X),(X),(X),(X),(X),(X),(X),"871","165","306","128","565","152","12","25","0","14","97","88","156","144","151","92","101","82","188","101","140","90","26","40",(X),(X),"0","14","203","132","668","167","948","445","31.0","9.1","29.8","19.9","38.8","41.9","27.0","20.7","28.9","20.1","29.7","8.8","34.2","14.9","28.1","9.7","27.3","13.3","43.6","20.1","23.5","10.5","40.0","9.3","30.1","26.2","39.6","17.8","100.0","100.0","23.2","18.1","0.0","65.3","34.2","19.1","39.5","31.6","34.9","11.4","30.8","27.1","32.7","8.8","42.5","11.2","47.2","14.9","24.8","12.9","7.8","9.2","20.3","8.0","14.0","9.1","8.7","7.5","21.1","15.6","55.9","24.8","53.3","30.0","60.2","31.1","31.0","7.9","6.2","6.6","24.5","10.8","52.9","10.5",(X),(X),(X),(X),(X),(X),(X),(X),(X),(X),(X),(X),(X),(X),(X),(X),"59.5","15.1","45.9","21.8","71.0","11.7","100.0","97.9","-",**,"62.2","35.3","70.6","27.5","47.5","31.2","44.1","26.2","61.6","25.9","75.7","24.5","70.3","55.0",(X),(X),"0.0","12.2","52.3","25.1","89.3","9.7","23.1","10.0",,"36081044602",31,0.273341986657756,0.0558079204772474,Cloudburst Road,1039741.6027484,197351.487648881
108,"384","4",Queens,"038400","4038400",E,St. Albans,QN1205,QN12,QN12 Jamaica-St. Albans-Hollis (CD 12 Approximation),"36081038400","4412",7759.30822126,3206706.31638,285,"36081038400","Census Tract 384; Queens County; New York","2605","485","384","185","100","63","284","159","384","185","1648","255","563","141","1085","225","787","196","573","212","1074","259","1531","286","96","8","2202","493","0","14","0","14","0","14","46","72","261","260","116","80","96","8","1964","359","240","95","580","211","671","161","473","158","1320","261","1258","254","403","133","855","196","62","36","51","32","11","17","2261","364","1137","240","254","82","870","214","103","69","251","143","251","143","335","144","409","151","1099","376","1627","492","1933","523","471","146","196","79","275","104","0","14","0","14","45","30","19","22","0","14","160","119","90","44","88","63","69","41","11370","1186","189","75","31","32","251","106","2593","485","221","134","8","12","0","14","8","12","8","12","198","134","46","60","152","97","58","37","15","16","120","69","101","86","28","8","193","134","0","14","0","14","0","14","0","14","0","14","0","14","28","8","188","112","29","12","105","80","38","37","16","17","32","34","0","14","0","14","0","14","32","34","21","30","11","17","213","133","0","14","26","31","187","112",(X),(X),(X),(X),(X),(X),(X),(X),(X),(X),(X),(X),(X),(X),(X),(X),"138","88","92","66","46","38","0","14","0","14","20","30","1","5","0","14","42","60","68","38","7","12","0","14",(X),(X),"0","14","20","30","118","87","211","134","8.5","5.1","2.1","3.1","0.0","33.1","2.8","4.1","2.1","3.1","12.0","7.6","8.2","10.5","14.0","7.5","7.4","5.2","2.6","2.9","11.2","6.4","6.6","5.6","29.2","7.2","8.8","5.9","-",**,"-",**,"-",**,"0.0","50.0","0.0","15.0","0.0","29.8","29.2","7.2","9.6","5.7","12.1","6.9","18.1","12.7","5.7","5.6","3.4","3.7","2.4","2.6","0.0","3.3","0.0","10.0","0.0","4.8","51.6","32.8","41.2","39.6","100.0","100.0","9.4","5.9","0.0","3.7","10.2","12.1","21.5","12.2",(X),(X),(X),(X),(X),(X),(X),(X),(X),(X),(X),(X),(X),(X),(X),(X),"29.3","12.5","46.9","21.7","16.7","11.2","-",**,"-",**,"44.4","43.4","5.3","24.1","-",**,"26.3","24.9","75.6","18.9","8.0","15.0","0.0","40.8",(X),(X),"0.0","20.0","64.5","61.4","47.0","22.8","8.1","5.1",,"36081038400",8.5,0.154379161827126,0.030079862232022,Cloudburst Road,1054233.00582178,191981.297477699
109,"618","4",Queens,"061800","4061800",I,Laurelton,QN1305,QN13,QN13 Queens Village-Bellerose-Rosedale (CD 13 Approximation),"36081061800","4413",6649.06906128,2600036.2089,454,"36081061800","Census Tract 618; Queens County; New York","2037","429","348","225","45","58","303","185","342","225","1258","248","431","117","827","210","631","128","431","100","1026","305","1011","174","108","147","1643","399","0","14","60","63","0","14","0","14","226","128","200","237","7","10","1540","230","265","115","280","106","458","159","537","126","1125","209","1090","204","565","182","525","102","35","25","21","21","14","16","1797","297","835","180","317","117","645","178","103","118","143","126","151","127","158","128","158","128","602","322","773","347","1063","494","299","91","82","49","217","72","0","14","6","9","0","14","15","20","0","14","41","38","116","67","54","32","67","55",N,N,"160","71","60","45","79","48","2037","429","141","125","23","28","0","14","23","28","17","27","91","93","33","53","58","53","61","55","27","33","65","83","76","57","0","14","121","122","0","14","0","14","0","14","0","14","20","31","20","31","0","14","103","84","40","43","63","65","0","14","0","14","48","44","48","44","30","33","18","28","0","14","0","14","0","14","141","125","26","31","22","26","93","92",(X),(X),(X),(X),(X),(X),(X),(X),(X),(X),(X),(X),(X),(X),(X),(X),"51","45","7","10","44","43","0","14","6","9","0","14","0","14","0","14","0","14","18","28","7","10","20","31",(X),(X),"18","28","7","10","26","32","141","125","6.9","6.2","6.6","9.7","0.0","50.6","7.6","10.8","5.0","9.1","7.2","7.4","7.7","11.8","7.0","6.6","9.7","8.4","6.3","7.8","6.3","8.2","7.5","5.8","0.0","31.4","7.4","7.6","-",**,"0.0","43.8","-",**,"-",**,"8.8","14.3","10.0","23.2","0.0","100.0","6.7","5.5","15.1","14.8","22.5","20.3","0.0","8.9","0.0","7.6","4.3","4.0","4.4","4.1","5.3","6.1","3.4","5.5","0.0","57.3","0.0","74.0","0.0","90.6","7.8","6.9","3.1","3.8","6.9","8.4","14.4","13.2",(X),(X),(X),(X),(X),(X),(X),(X),(X),(X),(X),(X),(X),(X),(X),(X),"17.1","14.4","8.5","12.9","20.3","18.6","-",**,"100.0","100.0","-",**,"0.0","87.6","-",**,"0.0","53.0","15.5","23.6","13.0","17.0","29.9","40.4",(X),(X),"11.3","18.8","11.7","17.9","32.9","30.1","6.9","6.2",,"36081061800",6.9,0.124497192169175,0.0230165615514289,Retention Street,1057361.41773246,185997.281915481
110,"560","4",Queens,"056000","4056000",I,Queens Village,QN1303,QN13,QN13 Queens Village-Bellerose-Rosedale (CD 13 Approximation),"36081056000","4413",8503.40345129,2300763.07059,414,"36081056000","Census Tract 560; Queens County; New York","1690","332","304","103","56","29","248","100","304","103","1042","249","226","76","816","214","444","120","344","109","834","135","856","232","156","114","86","99","0","14","1117","342","0","14","287","138","44","42","241","126","143","111","1247","255","223","152","178","75","232","69","614","173","954","279","917","281","434","113","483","214","37","35","0","14","37","35","1404","289","605","148","349","171","450","114","37","38","208","126","251","136","294","137","294","137","571","284","708","274","915","290","103","58","49","39","54","32","0","14","0","14","8","13","5","8","3","6","21","17","28","24","38","39","0","14",N,N,"70","48","20","15","13","13","1681","331","115","122","53","76","0","14","53","76","53","76","49","47","12","14","37","47","18","28","13","21","49","51","66","71","14","19","4","8","0","14","97","123","0","14","0","14","0","14","0","14","14","19","50","52","29","30","14","23","7","12","0","14","18","25","14","23","14","23","0","14","4","8","0","14","4","8","62","52","0","14","14","23","48","37",(X),(X),(X),(X),(X),(X),(X),(X),(X),(X),(X),(X),(X),(X),(X),(X),"8","13","4","8","4","8","0","14","0","14","8","13","0","14","0","14","0","14","0","14","0","14","0","14",(X),(X),"0","14","0","14","8","13","111","122","6.8","7.2","17.4","23.1","0.0","45.3","21.4","27.5","17.4","23.1","4.7","4.7","5.3","6.3","4.5","5.8","4.1","6.2","3.8","6.4","5.9","6.2","7.7","8.4","9.0","12.2","4.7","13.3","-",**,"8.7","10.8","-",**,"0.0","13.7","0.0","51.1","0.0","16.1","9.8","13.5","4.0","4.3","13.0","16.4","7.9","12.1","3.0","5.5","0.0","6.7","1.9","2.7","1.5","2.7","3.2","5.6","0.0","8.4","10.8","24.7","-",**,"10.8","24.7","4.4","3.9","0.0","6.8","4.0","7.1","10.7","8.3",(X),(X),(X),(X),(X),(X),(X),(X),(X),(X),(X),(X),(X),(X),(X),(X),"7.8","11.4","8.2","19.6","7.4","15.1","-",**,"-",**,"100.0","100.0","0.0","100.0","0.0","100.0","0.0","74.0","0.0","64.1","0.0","55.0","-",**,(X),(X),"0.0","40.5","0.0","75.8","61.5","61.5","6.6","7.2",,"36081056000",6.8,0.148042305464519,0.0209193293102276,Retention Street,1057269.29391079,203683.481215327
111,"470","4",Queens,"047000","4047000",E,Jamaica,QN1201,QN12,QN12 Jamaica-St. Albans-Hollis (CD 12 Approximation),"36081047000","4412",6633.55110251,2473436.54576,341,"36081047000","Census Tract 470; Queens County; New York","3181","587","466","183","116","88","350","137","461","183","1907","362","669","161","1238","300","1004","307","808","299","1622","355","1559","402","74","45","134","95","8","12","1522","554","0","14","1033","288","410","205","911","288","49","43","2500","442","547","141","648","137","623","267","682","323","1752","339","1647","342","875","186","772","303","105","66","32","28","73","57","2763","468","1205","355","511","113","1047","312","122","78","681","406","732","413","868","423","944","430","1742","561","2199","556","2574","587","402","167","257","147","145","74","0","14","5","7","38","44","69","60","5","10","120","81","39","28","100","81","26","25","10283","2351","197","149","96","65","109","55","3163","587","535","379","96","90","66","74","30","30","91","90","359","301","87","68","272","273","85","54","80","54","106","46","429","371","25","31","2","4","0","14","443","379","0","14","30","29","35","26","88","61","24","32","406","283","92","39","65","68","203","263","46","42","324","279","287","271","49","44","238","270","37","50","6","9","31","49","444","306","185","264","107","70","152","57",(X),(X),(X),(X),(X),(X),(X),(X),(X),(X),(X),(X),(X),(X),(X),(X),"132","75","39","34","93","66","0","14","5","7","18","30","34","48","0","14","18","14","1","4","56","46","0","14",(X),(X),"18","30","59","59","55","34","527","377","16.8","10.7","20.6","16.0","56.9","38.3","8.6","7.9","19.7","16.2","18.8","13.3","13.0","9.9","22.0","17.8","8.5","5.9","9.9","7.3","6.5","3.1","27.5","18.2","33.8","34.8","1.5","3.5","0.0","100.0","29.1","20.3","-",**,"2.9","3.0","8.5","6.3","9.7","6.8","49.0","47.3","16.2","10.4","16.8","7.1","10.0","10.0","32.6","31.9","6.7","6.7","18.5","13.4","17.4","14.0","5.6","4.9","30.8","25.1","35.2","36.7","18.8","32.6","42.5","50.1","16.1","10.1","15.4","18.7","20.9","13.9","14.5","7.1",(X),(X),(X),(X),(X),(X),(X),(X),(X),(X),(X),(X),(X),(X),(X),(X),"32.8","17.4","15.2","14.8","64.1","19.8","-",**,"100.0","100.0","47.4","52.6","49.3","47.8","0.0","100.0","15.0","14.4","2.6","12.2","56.0","12.0","0.0","66.5",(X),(X),"9.1","17.3","61.5","33.6","50.5","27.5","16.7","10.7",,"36081047000",16.8,0.213210614097698,0.0270238583989815,Retention Street,1045990.53977891,198499.3514725
112,"548","4",Queens,"054800","4054800",I,Queens Village,QN1303,QN13,QN13 Queens Village-Bellerose-Rosedale (CD 13 Approximation),"36081054800","4413",7075.54382475,2423672.41832,403,"36081054800","Census Tract 548; Queens County; New York","2382","314","450","142","84","90","366","95","450","142","1393","239","453","107","940","210","742","215","539","164","1179","161","1203","252","102","61","379","236","29","37","1337","330","0","14","379","182","156","138","211","118","58","43","1832","286","391","148","359","134","569","163","513","157","1096","201","1032","192","656","151","376","102","64","35","44","34","20","21","1991","289","735","179","425","130","831","258","28","40","398","242","472","256","578","269","578","269","854","292","1451","397","1602","414","60","38","19","26","41","31","0","14","0","14","0","14","6","9","6","9","4","8","10","15","8","13","26","28","-",**,"21","29","14","13","25","23","2382","314","253","213","98","131","62","90","36","42","98","131","99","85","28","31","71","74","67","50","56","50","151","135","102","85","21","32","0","14","0","14","232","215","0","14","0","14","0","14","21","32","0","14","147","94","50","46","1","3","77","80","19","29","44","44","42","45","33","38","9","15","2","5","1","3","1","3","164","107","0","14","62","55","102","64",(X),(X),(X),(X),(X),(X),(X),(X),(X),(X),(X),(X),(X),(X),(X),(X),"0","14","0","14","0","14","0","14","0","14","0","14","0","14","0","14","0","14","0","14","0","14","0","14",(X),(X),"0","14","0","14","0","14","253","213","10.6","8.9","21.8","25.1","73.8","46.8","9.8","11.4","21.8","25.1","7.1","6.4","6.2","6.9","7.6","8.1","9.0","7.0","10.4","9.0","12.8","10.9","8.5","7.4","20.6","27.5","0.0","10.6","0.0","63.0","17.4","14.8","-",**,"0.0","10.6","0.0","23.5","10.0","15.2","0.0","44.5","8.0","5.5","12.8","11.5","0.3","0.8","13.5","14.6","3.7","5.9","4.0","4.3","4.1","4.6","5.0","6.1","2.4","4.1","3.1","8.0","2.3","6.4","5.0","14.6","8.2","5.7","0.0","5.6","14.6","12.8","12.3","9.3",(X),(X),(X),(X),(X),(X),(X),(X),(X),(X),(X),(X),(X),(X),(X),(X),"0.0","43.8","0.0","77.8","0.0","53.0","-",**,"-",**,"-",**,"0.0","100.0","0.0","100.0","0.0","100.0","0.0","100.0","0.0","100.0","0.0","66.5",(X),(X),"0.0","74.0","0.0","90.6","0.0","67.8","10.6","8.9",,"36081054800",10.6,0.17781253637026,0.0372876257626468,Cloudburst Road,1053191.3713817,202856.822540767
113,"518","4",Queens,"051800","4051800",I,St. Albans,QN1205,QN12,QN12 Jamaica-St. Albans-Hollis (CD 12 Approximation),"36081051800","4412",6248.9780615,1827884.20878,381,"36081051800","Census Tract 518; Queens County; New York","2186","530","430","182","87","48","343","170","430","182","1496","425","642","312","854","188","414","125","260","86","948","251","1238","360","7","9","1572","430","61","91","0","14","0","14","400","253","146","122","291","167","7","9","1570","401","162","95","691","321","401","106","316","124","1202","364","1165","363","470","178","695","266","37","28","13","12","24","24","1799","437","942","335","281","117","576","130","105","74","369","213","376","213","512","226","572","236","813","328","1006","354","1629","533","256","117","150","73","106","61","0","14","0","14","23","28","11","16","60","64","46","38","70","64","20","22","26","22",N,N,"138","90","16","25","102","48","2178","530","140","83","13","19","0","14","13","19","13","19","84","65","42","36","42","43","48","45","43","44","38","30","102","62","5","9","85","63","0","14","0","14","0","14","0","14","50","60","11","16","5","9","104","67","18","19","44","45","42","33","0","14","40","44","27","40","14","21","13","19","13","21","0","14","13","21","140","83","0","14","27","40","113","69",(X),(X),(X),(X),(X),(X),(X),(X),(X),(X),(X),(X),(X),(X),(X),(X),"49","37","10","12","39","33","0","14","0","14","23","28","5","8","0","14","0","14","5","9","1","2","15","18",(X),(X),"0","14","0","14","49","37","139","84","6.4","4.2","3.0","4.8","0.0","36.2","3.8","6.1","3.0","4.8","5.6","4.8","6.5","7.1","4.9","5.2","11.6","11.2","16.5","15.5","4.0","3.4","8.2","5.8","71.4","56.5","5.4","4.4","0.0","43.4","-",**,"-",**,"0.0","10.1","34.2","35.8","3.8","5.0","71.4","56.5","6.6","4.7","11.1","13.2","6.4","7.9","10.5","8.4","0.0","12.6","3.3","3.8","2.3","3.6","3.0","4.6","1.9","3.0","35.1","42.7","0.0","94.1","54.2","51.7","7.8","5.1","0.0","4.4","9.6","14.1","19.6","11.7",(X),(X),(X),(X),(X),(X),(X),(X),(X),(X),(X),(X),(X),(X),(X),(X),"19.1","12.6","6.7","9.1","36.8","29.4","-",**,"-",**,"100.0","70.7","45.5","14.6","0.0","43.8","0.0","50.0","7.1","17.0","5.0","15.2","57.7","38.4",(X),(X),"0.0","26.0","0.0","84.8","48.0","29.9","6.4","4.2",,"36081051800",6.4,0.138193999069737,0.0104523183165445,Retention Street,1053011.00452516,195072.438634364
114,"664.01","4",Queens,"066401","4066401",I,Rosedale,QN1307,QN13,QN13 Queens Village-Bellerose-Rosedale (CD 13 Approximation),"36081066401","4413",31749.9060468,11982313.9805,489,"36081066401","Census Tract 664.01; Queens County; New York","2224","788","662","371","262","205","400","189","653","369","1313","459","598","291","715","244","613","169","249","105","1144","438","1080","455","122","154","1860","777","0","14","0","14","0","14","94","97","148","151","171","154","122","154","1544","457","124","91","567","370","640","240","213","107","952","458","929","450","467","246","462","273","23","42","23","42","0","14","1562","456","541","273","432","204","589","158","220","103","341","123","436","172","473","178","530","177","1494","651","1645","797","1968","817","529","149","327","219","202","153","9","14","0","14","0","14","191","132","103","108","0","14","175","90","32","32","19","29","12794","3273","0","14","270","185","259","119","2029","794","253","77","9","14","0","14","9","14","0","14","225","61","124","107","101","75","86","56","19","29","140","135","113","128","25","37","181","146","0","14","0","14","0","14","20","48","27","51","47","95","25","37","244","78","23","30","137","135","84","116","0","14","110","76","110","76","59","104","51","101","0","14","0","14","0","14","244","78","0","14","114","78","130","68",(X),(X),(X),(X),(X),(X),(X),(X),(X),(X),(X),(X),(X),(X),(X),(X),"253","77","140","135","113","128","9","14","0","14","0","14","124","107","34","55","0","14","67","37","0","14","19","29",(X),(X),"0","14","114","78","139","68","68","66","11.4","4.9","1.4","2.3","0.0","14.9","2.3","3.8","0.0","6.3","17.1","7.8","20.7","18.8","14.1","9.6","14.0","8.2","7.6","11.0","12.2","11.8","10.5","10.2","20.5","33.0","9.7","8.1","-",**,"-",**,"-",**,"21.3","42.3","18.2","31.0","27.5","37.4","20.5","33.0","15.8","6.1","18.5","18.8","24.2","25.7","13.1","16.5","0.0","18.0","11.6","8.7","11.8","8.9","12.6","22.3","11.0","18.6","0.0","70.7","0.0","70.7","-",**,"15.6","6.0","0.0","7.6","26.4","18.1","22.1","10.0",(X),(X),(X),(X),(X),(X),(X),(X),(X),(X),(X),(X),(X),(X),(X),(X),"47.8","16.6","42.8","34.5","55.9","36.6","100.0","100.0","-",**,"-",**,"64.9","40.2","33.0","50.2","-",**,"38.3","30.6","0.0","59.9","100.0","77.8",(X),(X),"-",**,"42.2","34.3","53.7","25.4","3.4","3.1",,"36081066401",11.4,0.129234686079816,0.0301037126310014,Cloudburst Road,1055523.02648399,175059.549307054
115,"254.02","4",Queens,"025402","4025402",E,South Jamaica,QN1202,QN12,QN12 Jamaica-St. Albans-Hollis (CD 12 Approximation),"36081025402","4412",9740.31333853,4070763.1411,199,"36081025402","Census Tract 254.02; Queens County; New York","5962","1063","1513","450","688","350","825","307","1513","450","3453","775","1533","590","1920","402","1175","296","996","279","2543","527","3419","710","46","51","1899","499","492","424","1839","1057","0","19","1402","691","284","232","1305","606","46","51","3882","642","1050","321","928","438","1429","446","475","248","2507","550","2201","563","999","321","1202","342","306","171","157","128","149","133","4586","836","1384","411","1194","438","2008","469","458","400","1976","677","2050","674","2173","667","2211","667","4750","1115","4958","1115","5481","1081","735","228","292","168","443","201","0","19","0","19","0","19","66","107","93","116","79","80","44","53","146","152","307","161","5422","1803","148","132","93","116","494","218","5959","1063","1304","532","170","169","80","99","90","93","170","169","891","431","512","396","379","190","264","153","243","148","436","222","868","397","27","38","623","249","7","36","531","504","0","19","116","191","0","19","142","229","27","38","835","264","370","171","225","183","237","176","3","3","609","326","516","349","120","120","396","240","93","116","93","116","0","19","1191","470","89","112","637","391","465","211",(X),(X),(X),(X),(X),(X),(X),(X),(X),(X),(X),(X),(X),(X),(X),(X),"391","181","192","151","199","135","0","19","0","19","0","19","66","107","93","116","19","31","0","19","81","108","132","100",(X),(X),"66","107","93","116","232","150","1301","532","21.9","8.8","11.2","11.2","11.6","14.7","10.9","12.6","11.2","11.2","25.8","10.9","33.4","19.0","19.7","9.0","22.5","12.9","24.4","15.1","17.1","9.0","25.4","10.7","58.7","56.2","32.8","14.8","1.4","10.3","28.9","25.9","-",**,"8.3","14.2","0.0","13.9","10.9","16.3","58.7","56.2","21.5","7.6","35.2","15.2","24.2","16.7","16.6","12.4","0.6","0.6","24.3","11.8","23.4","13.8","12.0","11.5","32.9","17.2","30.4","35.9","59.2","57.5","0.0","24.4","26.0","9.7","6.4","8.1","53.4","19.6","23.2","11.0",(X),(X),(X),(X),(X),(X),(X),(X),(X),(X),(X),(X),(X),(X),(X),(X),"53.2","19.8","65.8","30.1","44.9","26.0","-",**,"-",**,"-",**,"100.0","41.7","100.0","34.7","24.1","44.4","0.0","51.1","55.5","55.5","43.0","27.2",(X),(X),"44.6","52.8","100.0","34.7","47.0","24.2","21.8","8.8",,"36081025402",21.9,0.224876451427445,0.0235217709553983,Retention Street,1041837.72619943,193631.378555656
116,"626","4",Queens,"062600","4062600",I,Laurelton,QN1305,QN13,QN13 Queens Village-Bellerose-Rosedale (CD 13 Approximation),"36081062600","4413",9219.36487304,4651585.20208,462,"36081062600","Census Tract 626; Queens County; New York","3298","478","731","259","272","157","459","179","726","257","2220","329","908","195","1312","239","561","129","347","114","1572","267","1726","314","100","83","2809","501","33","51","103","169","0","14","171","134","82","50","420","212","83","77","2115","265","126","61","642","200","761","180","586","130","1722","335","1633","309","790","188","843","180","89","56","82","55","7","11","2696","345","1331","257","489","170","876","210","86","76","134","92","300","210","349","221","400","252","1114","391","1487","448","1908","514","346","130","182","78","164","78","0","14","5","8","0","14","102","69","80","49","83","74","32","36","17","14","27","21","11554","3831","200","99","60","47","86","58","3295","479","102","79","5","8","0","14","5","8","0","14","82","66","0","14","82","66","15","24","15","24","46","42","56","47","1","3","100","79","0","14","0","14","0","14","0","14","1","3","1","3","1","3","97","79","2","5","73","79","0","14","22","24","22","24","15","22","0","14","15","22","7","10","7","10","0","14","102","79","15","22","0","14","87","76",(X),(X),(X),(X),(X),(X),(X),(X),(X),(X),(X),(X),(X),(X),(X),(X),"69","60","28","33","41","39","0","14","5","8","0","14","0","14","36","39","21","31","7","10","0","14","0","14",(X),(X),"15","22","0","14","54","56","100","79","3.1","2.4","0.7","1.1","0.0","14.4","1.1","1.8","0.0","5.7","3.7","2.9","0.0","4.6","6.3","4.8","2.7","4.4","4.3","6.8","2.9","2.8","3.2","2.7","1.0","2.7","3.6","2.8","0.0","59.0","0.0","32.4","-",**,"0.0","21.8","1.2","3.5","0.2","0.7","1.2","3.3","4.6","3.7","1.6","3.8","11.4","11.2","0.0","5.4","3.8","4.0","1.3","1.4","0.9","1.4","0.0","5.2","1.8","2.7","7.9","12.5","8.5","14.1","0.0","100.0","3.8","2.9","1.1","1.7","0.0","8.3","9.9","7.8",(X),(X),(X),(X),(X),(X),(X),(X),(X),(X),(X),(X),(X),(X),(X),(X),"19.9","15.2","15.4","17.0","25.0","21.3","-",**,"100.0","100.0","-",**,"0.0","32.7","45.0","35.9","25.3","26.7","21.9","37.7","0.0","82.3","0.0","65.3",(X),(X),"7.5","11.3","0.0","43.8","62.8","35.7","3.0","2.4",,"36081062600",3.1,0.129328066884932,0.0285470814495886,Retention Street,1054113.48112251,187842.521928846
117,"440","4",Queens,"044000","4044000",E,South Jamaica,QN1202,QN12,QN12 Jamaica-St. Albans-Hollis (CD 12 Approximation),"36081044000","4412",9023.32070477,4061429.81266,315,"36081044000","Census Tract 440; Queens County; New York","3821","912","1125","431","313","232","812","258","1125","431","2351","520","898","327","1453","317","563","180","345","142","2007","461","1814","555","18","29","1636","493","0","14","713","331","0","14","1337","767","117","89","1125","750","18","29","2258","424","401","152","817","247","691","218","349","136","1823","394","1699","380","925","210","774","288","124","74","80","61","44","51","2827","544","1146","214","686","409","995","229","90","70","471","199","1014","769","1456","841","1565","865","2245","891","2663","896","3179","930","352","146","212","143","140","82","0","14","0","14","0","14","12","21","103","88","58","63","114","89","55","51","10","15",N,N,"171","92","101","68","80","53","3821","912","221","137","57","62","0","14","57","62","57","62","148","92","0","14","148","92","29","47","16","25","101","85","120","101","0","14","167","129","0","14","32","46","0","14","22","35","0","14","22","35","0","14","164","99","64","54","34","40","53","57","13","22","97","89","46","53","21","34","25","41","51","56","23","38","28","44","193","122","0","14","68","61","125","106",(X),(X),(X),(X),(X),(X),(X),(X),(X),(X),(X),(X),(X),(X),(X),(X),"82","79","57","74","25","35","0","14","0","14","0","14","0","14","43","47","26","37","13","21","0","14","0","14",(X),(X),"0","14","43","47","39","42","221","137","5.8","3.8","5.1","5.8","0.0","12.7","7.0","7.7","5.1","5.8","6.3","4.0","0.0","4.6","10.2","6.3","5.2","7.9","4.6","7.0","5.0","4.2","6.6","5.6","0.0","79.9","10.2","8.0","-",**,"4.5","6.9","-",**,"1.6","2.7","0.0","29.6","2.0","3.1","0.0","79.9","7.3","4.4","16.0","13.2","4.2","4.9","7.7","8.2","3.7","6.4","5.3","4.9","2.7","3.1","2.3","3.5","3.2","5.5","41.1","35.7","28.8","41.4","63.6","60.8","6.8","4.4","0.0","3.6","9.9","10.7","12.6","10.4",(X),(X),(X),(X),(X),(X),(X),(X),(X),(X),(X),(X),(X),(X),(X),(X),"23.3","18.9","26.9","27.0","17.9","23.9","-",**,"-",**,"-",**,"0.0","97.9","41.7","29.3","44.8","55.2","11.4","20.9","0.0","45.7","0.0","100.0",(X),(X),"0.0","21.8","42.6","52.9","48.8","36.7","5.8","3.8",,"36081044000",5.8,0.144697773846284,0.0276977427375901,Retention Street,1043961.24502615,195355.249679065
118,"682","4",Queens,"068200","4068200",I,Laurelton,QN1305,QN13,QN13 Queens Village-Bellerose-Rosedale (CD 13 Approximation),"36081068200","4413",7239.27937305,2492489.8238,500,"36081068200","Census Tract 682; Queens County; New York","1091","209","251","114","96","72","155","79","251","114","612","143","178","80","434","95","340","93","228","79","425","114","666","135","9","15","908","200","0","14","21","30","0","14","146","118","7","11","111","87","0","14","753","147","69","47","240","94","273","74","171","66","595","123","527","106","206","52","321","86","68","56","31","32","37","35","876","152","450","108","129","52","297","101","11","16","164","127","164","127","196","132","264","139","481","174","651","206","782","200","119","61","54","48","65","42","0","14","0","14","0","14","0","14","0","14","12","17","23","21","49","40","35","25",N,N,"35","27","20","28","64","40","1091","209","138","118","48","54","25","41","23","34","48","54","71","63","19","31","52","55","23","21","19","20","49","52","89","95","0","14","123","117","0","14","4","7","0","14","11","16","0","14","0","14","0","14","90","70","0","14","36","32","31","36","23","28","56","59","27","30","8","12","19","28","29","29","12","17","17","25","90","70","19","28","37","37","34","36",(X),(X),(X),(X),(X),(X),(X),(X),(X),(X),(X),(X),(X),(X),(X),(X),"35","33","24","30","11","16","0","14","0","14","0","14","0","14","0","14","12","17","4","7","0","14","19","20",(X),(X),"0","14","20","28","15","18","138","118","12.6","10.3","19.1","20.4","26.0","37.9","14.8","22.9","19.1","20.4","11.6","9.8","10.7","16.2","12.0","12.2","6.8","5.9","8.3","8.9","11.5","10.9","13.4","13.5","0.0","100.0","13.5","12.4","-",**,"19.0","41.1","-",**,"7.5","8.8","0.0","100.0","0.0","30.8","-",**,"12.0","8.7","0.0","40.8","15.0","11.4","11.4","12.2","13.5","16.1","9.4","10.0","5.1","5.9","3.9","5.5","5.9","9.1","42.6","43.7","38.7","53.3","45.9","52.8","10.3","7.7","4.2","6.2","28.7","28.4","11.4","10.9",(X),(X),(X),(X),(X),(X),(X),(X),(X),(X),(X),(X),(X),(X),(X),(X),"29.4","22.2","44.4","28.4","16.9","25.4","-",**,"-",**,"-",**,"-",**,"-",**,"100.0","97.9","17.4","30.3","0.0","48.4","54.3","40.7",(X),(X),"0.0","57.3","100.0","75.8","23.4","26.6","12.6","10.3",,"36081068200",12.6,0.175598925597196,0.0456904973289551,Cloudburst Road,1053489.46302474,182668.562892634
119,"520","4",Queens,"052000","4052000",E,St. Albans,QN1205,QN12,QN12 Jamaica-St. Albans-Hollis (CD 12 Approximation),"36081052000","4412",6270.78425058,1853858.13918,382,"36081052000","Census Tract 520; Queens County; New York","1725","337","438","147","112","81","326","106","431","145","1012","256","352","183","660","127","366","106","275","76","898","211","827","162","24","17","1349","305","0","14","165","193","0","14","146","122","41","31","125","93","24","17","1166","204","112","59","248","86","372","146","434","157","738","219","602","173","247","87","355","107","136","90","103","83","33","26","1287","288","522","133","266","108","499","158","64","58","79","60","109","75","228","141","228","141","648","337","923","327","1168","334","196","67","118","57","78","37","7","11","0","14","0","14","71","51","20","24","57","39","12","19","25","22","4","7",N,N,"80","47","15","15","101","56","1709","334","79","60","7","11","0","14","7","11","0","14","61","57","58","59","3","15","11","12","11","12","75","60","4","7","15","17","64","58","0","14","0","14","0","14","0","14","0","14","4","10","15","17","72","59","12","16","4","10","49","56","7","11","4","10","0","14","0","14","0","14","4","10","4","10","0","14","72","59","0","14","4","10","68","59",(X),(X),(X),(X),(X),(X),(X),(X),(X),(X),(X),(X),(X),(X),(X),(X),"79","60","75","60","4","7","7","11","0","14","0","14","58","59","0","14","3","15","0","14","7","11","4","7",(X),(X),"0","14","4","10","75","60","67","59","4.6","3.9","1.6","2.6","0.0","30.6","2.1","3.4","0.0","9.4","6.0","6.4","16.5","20.8","0.5","2.2","3.0","3.4","4.0","4.5","8.4","7.2","0.5","0.8","62.5","24.5","4.7","4.6","-",**,"0.0","22.5","-",**,"0.0","24.9","0.0","53.0","3.2","8.0","62.5","24.5","6.2","5.4","10.7","14.0","1.6","4.0","13.2","14.9","1.6","2.7","0.5","1.3","0.0","6.8","0.0","15.8","0.0","11.3","2.9","7.7","3.9","11.0","0.0","59.0","5.6","5.1","0.0","7.8","1.5","3.7","13.6","12.2",(X),(X),(X),(X),(X),(X),(X),(X),(X),(X),(X),(X),(X),(X),(X),(X),"40.3","25.7","63.6","37.6","5.1","8.6","100.0","100.0","-",**,"-",**,"81.7","41.5","0.0","75.8","5.3","22.8","0.0","97.9","28.0","41.4","100.0","100.0",(X),(X),"0.0","37.9","26.7","55.8","74.3","30.4","3.9","3.8",,"36081052000",4.6,0.124462225675042,0.0130776271121969,Retention Street,1052269.10551055,194815.75559871
120,"204","4",Queens,"020400","4020400",E,Jamaica,QN1201,QN12,QN12 Jamaica-St. Albans-Hollis (CD 12 Approximation),"36081020400","4412",8843.40190442,3087462.86611,170,"36081020400","Census Tract 204; Queens County; New York","1967","426","311","119","113","73","198","93","305","118","1305","308","553","188","752","196","498","183","351","150","926","216","1041","276","21","22","394","176","80","116","321","146","0","14","869","365","282","154","845","371","13","18","1426","294","523","148","335","117","377","154","191","79","1044","249","957","230","635","180","322","97","87","50","18","16","69","43","1695","355","605","162","401","153","689","220","192","103","364","164","467","221","621","282","637","283","1110","377","1507","414","1801","417","437","183","108","69","329","181","0","14","6","9","56","55","19","17","31","35","14","16","119","113","38","43","154","118","6736","2655","69","57","86","54","282","169","1957","426","338","159","72","59","22","24","50","40","66","58","161","87","70","57","91","54","140","84","105","75","130","86","208","110","13","18","61","50","0","14","35","27","0","14","104","97","125","107","206","133","13","18","232","106","99","71","62","41","19","21","52","51","136","85","122","77","76","59","46","37","14","18","3","5","11","17","279","124","52","52","79","58","148","87",(X),(X),(X),(X),(X),(X),(X),(X),(X),(X),(X),(X),(X),(X),(X),(X),"182","96","68","57","114","82","0","14","6","9","34","36","19","17","0","14","14","16","41","49","6","9","62","62",(X),(X),"52","52","37","27","93","67","328","159","17.2","7.4","23.2","15.6","19.5","18.9","25.3","17.2","21.6","15.8","12.3","6.2","12.7","9.6","12.1","6.5","28.1","15.7","29.9","19.1","14.0","8.8","20.0","9.1","61.9","45.2","15.5","13.0","0.0","37.9","10.9","9.2","-",**,"12.0","10.1","44.3","31.2","24.4","15.4","100.0","94.1","16.3","7.1","18.9","12.5","18.5","11.2","5.0","5.8","27.2","21.5","13.0","7.8","12.7","7.6","12.0","8.8","14.3","10.1","16.1","22.7","16.7","32.2","15.9","26.4","16.5","6.9","8.6","8.7","19.7","13.5","21.5","11.3",(X),(X),(X),(X),(X),(X),(X),(X),(X),(X),(X),(X),(X),(X),(X),(X),"41.6","19.4","63.0","28.3","34.7","23.4","-",**,"100.0","100.0","60.7","23.2","100.0","77.8","0.0","60.9","100.0","90.6","34.5","45.2","15.8","31.2","40.3","38.3",(X),(X),"75.4","29.3","43.0","22.8","33.0","25.8","16.8","7.4",,"36081020400",17.2,0.209609170745969,0.0171765690103652,Retention Street,1038763.89176873,192607.675659134
